Timestamp,Distance (cm)
2025-04-28 19:30:00.023,354.0
2025-04-28 19:30:00.147,356.0
2025-04-28 19:30:00.272,356.0
2025-04-28 19:30:00.396,352.0
2025-04-28 19:30:00.520,352.0
2025-04-28 19:30:00.644,355.0
2025-04-28 19:30:00.768,354.0
2025-04-28 19:30:00.892,353.0
2025-04-28 19:30:01.016,352.0
2025-04-28 19:30:01.140,353.0
2025-04-28 19:30:01.263,345.0
2025-04-28 19:30:01.387,348.0
2025-04-28 19:30:01.511,346.0
2025-04-28 19:30:01.635,349.0
2025-04-28 19:30:01.759,348.0
2025-04-28 19:30:01.883,346.0
2025-04-28 19:30:02.006,345.0
2025-04-28 19:30:02.130,346.0
2025-04-28 19:30:02.254,345.0
2025-04-28 19:30:02.377,342.0
2025-04-28 19:30:02.501,24.0
2025-04-28 19:30:02.625,343.0
2025-04-28 19:30:02.748,326.0
2025-04-28 19:30:02.872,29.0
2025-04-28 19:30:02.996,22.0
2025-04-28 19:30:03.119,24.0
2025-04-28 19:30:03.243,23.0
2025-04-28 19:30:03.366,23.0
2025-04-28 19:30:03.490,23.0
2025-04-28 19:30:03.613,22.0
2025-04-28 19:30:03.737,19.0
2025-04-28 19:30:03.861,18.0
2025-04-28 19:30:03.984,20.0
2025-04-28 19:30:04.108,17.0
2025-04-28 19:30:04.231,17.0
2025-04-28 19:30:04.355,20.0
2025-04-28 19:30:04.479,22.0
2025-04-28 19:30:04.602,22.0
2025-04-28 19:30:04.726,22.0
2025-04-28 19:30:04.849,23.0
2025-04-28 19:30:04.973,22.0
2025-04-28 19:30:05.097,23.0
2025-04-28 19:30:05.220,22.0
2025-04-28 19:30:05.344,24.0
2025-04-28 19:30:05.468,22.0
2025-04-28 19:30:05.591,25.0
2025-04-28 19:30:05.715,24.0
2025-04-28 19:30:05.839,23.0
2025-04-28 19:30:05.962,24.0
2025-04-28 19:30:06.086,23.0
2025-04-28 19:30:06.209,24.0
2025-04-28 19:30:06.333,25.0
2025-04-28 19:30:06.457,27.0
2025-04-28 19:30:06.580,338.0
2025-04-28 19:30:06.704,346.0
2025-04-28 19:30:06.827,349.0
2025-04-28 19:30:06.951,347.0
2025-04-28 19:30:07.075,352.0
2025-04-28 19:30:07.198,348.0
2025-04-28 19:30:07.322,352.0
2025-04-28 19:30:07.445,353.0
2025-04-28 19:30:07.569,341.0
2025-04-28 19:30:07.693,354.0
2025-04-28 19:30:07.817,351.0
2025-04-28 19:30:07.940,354.0
2025-04-28 19:30:08.064,349.0
2025-04-28 19:30:08.187,355.0
2025-04-28 19:30:08.311,352.0
2025-04-28 19:30:08.435,355.0
2025-04-28 19:30:08.558,353.0
2025-04-28 19:30:08.682,354.0
2025-04-28 19:30:08.805,352.0
2025-04-28 19:30:08.929,354.0
2025-04-28 19:30:09.053,351.0
2025-04-28 19:30:09.176,352.0
2025-04-28 19:30:09.300,353.0
2025-04-28 19:30:09.423,353.0
2025-04-28 19:30:09.547,357.0
2025-04-28 19:43:00.023,12.0
2025-04-28 19:43:00.147,12.0
2025-04-28 19:43:00.271,10.0
2025-04-28 19:43:00.395,13.0
2025-04-28 19:43:00.518,14.0
2025-04-28 19:43:00.642,10.0
2025-04-28 19:43:00.766,12.0
2025-04-28 19:43:00.890,12.0
2025-04-28 19:43:01.014,10.0
2025-04-28 19:43:01.138,10.0
2025-04-28 19:43:01.261,15.0
2025-04-28 19:43:01.385,14.0
2025-04-28 19:43:01.509,13.0
2025-04-28 19:43:01.632,14.0
2025-04-28 19:43:01.756,14.0
2025-04-28 19:43:01.880,14.0
2025-04-28 19:43:02.004,15.0
2025-04-28 19:43:02.127,15.0
2025-04-28 19:43:02.251,15.0
2025-04-28 19:43:02.375,15.0
2025-04-28 19:43:02.498,14.0
2025-04-28 19:43:02.622,13.0
2025-04-28 19:43:02.746,13.0
2025-04-28 19:43:02.869,13.0
2025-04-28 19:43:02.993,12.0
2025-04-28 19:43:03.117,12.0
2025-04-28 19:43:03.241,12.0
2025-04-28 19:43:03.364,12.0
2025-04-28 19:43:03.488,12.0
2025-04-28 19:43:03.612,10.0
2025-04-28 19:43:03.735,12.0
2025-04-28 19:43:03.859,12.0
2025-04-28 19:43:03.983,13.0
2025-04-28 19:43:04.106,13.0
2025-04-28 19:43:04.230,17.0
2025-04-28 19:43:04.354,13.0
2025-04-28 19:43:04.477,17.0
2025-04-28 19:43:04.601,15.0
2025-04-28 19:43:04.724,14.0
2025-04-28 19:43:04.848,14.0
2025-04-28 19:43:04.972,14.0
2025-04-28 19:43:05.096,15.0
2025-04-28 19:43:05.219,14.0
2025-04-28 19:43:05.343,15.0
2025-04-28 19:43:05.466,12.0
2025-04-28 19:43:05.590,13.0
2025-04-28 19:43:05.714,13.0
2025-04-28 19:43:05.837,13.0
2025-04-28 19:43:05.961,12.0
2025-04-28 19:43:06.085,12.0
2025-04-28 19:43:06.208,13.0
2025-04-28 19:43:06.332,12.0
2025-04-28 19:43:06.455,10.0
2025-04-28 19:43:06.579,13.0
2025-04-28 19:43:06.702,14.0
2025-04-28 19:43:06.826,14.0
2025-04-28 19:43:06.950,13.0
2025-04-28 19:43:07.073,13.0
2025-04-28 19:43:07.197,14.0
2025-04-28 19:43:07.320,14.0
2025-04-28 19:43:07.444,14.0
2025-04-28 19:43:07.567,13.0
2025-04-28 19:43:07.691,14.0
2025-04-28 19:43:07.815,14.0
2025-04-28 19:43:07.938,14.0
2025-04-28 19:43:08.062,13.0
2025-04-28 19:43:08.185,13.0
2025-04-28 19:43:08.309,12.0
2025-04-28 19:43:08.432,12.0
2025-04-28 19:43:08.556,13.0
2025-04-28 19:43:08.680,13.0
2025-04-28 19:43:08.803,14.0
2025-04-28 19:43:08.927,12.0
2025-04-28 19:43:09.051,14.0
2025-04-28 19:43:09.174,13.0
2025-04-28 19:43:09.298,13.0
2025-04-28 19:43:09.421,13.0
2025-04-28 19:43:09.545,15.0
2025-04-28 19:43:09.668,13.0
2025-04-28 19:43:09.792,14.0
2025-04-28 19:43:09.916,14.0
2025-04-28 19:43:10.039,13.0
2025-04-28 19:43:10.163,14.0
2025-04-28 19:43:10.286,14.0
2025-04-28 19:43:10.410,14.0
2025-04-28 19:43:10.533,13.0
2025-04-28 19:43:10.657,14.0
2025-04-28 19:43:10.781,12.0
2025-04-28 19:43:10.904,13.0
2025-04-28 19:43:11.028,15.0
2025-04-28 19:43:11.151,14.0
2025-04-28 19:43:11.275,13.0
2025-04-28 19:43:11.398,13.0
2025-04-28 19:43:11.522,13.0
2025-04-28 19:43:11.645,13.0
2025-04-28 19:43:11.769,13.0
2025-04-28 19:43:11.893,12.0
2025-04-28 19:43:12.016,14.0
2025-04-28 19:43:12.140,12.0
2025-04-28 19:43:12.263,14.0
2025-04-28 19:43:12.387,13.0
2025-04-28 19:43:12.511,13.0
2025-04-28 19:43:12.634,15.0
2025-04-28 19:43:12.758,13.0
2025-04-28 19:43:12.881,14.0
2025-04-28 19:43:13.005,14.0
2025-04-28 19:43:13.128,14.0
2025-04-28 19:43:13.252,12.0
2025-04-28 19:43:13.376,15.0
2025-04-28 19:43:13.499,14.0
2025-04-28 19:43:13.623,13.0
2025-04-28 19:43:13.746,14.0
2025-04-28 19:43:13.870,13.0
2025-04-28 19:43:13.993,14.0
2025-04-28 19:43:14.117,15.0
2025-04-28 19:43:14.241,14.0
2025-04-28 19:43:14.364,15.0
2025-04-28 19:43:14.488,13.0
2025-04-28 19:43:14.612,15.0
2025-04-28 19:43:14.735,14.0
2025-04-28 19:43:14.859,13.0
2025-04-28 19:43:14.983,14.0
2025-04-28 19:43:15.106,17.0
2025-04-28 19:43:15.230,14.0
2025-04-28 19:43:15.354,14.0
2025-04-28 19:43:15.477,15.0
2025-04-28 19:43:15.601,12.0
2025-04-28 19:43:15.724,12.0
2025-04-28 19:43:15.848,13.0
2025-04-28 19:43:15.972,13.0
2025-04-28 19:43:16.095,12.0
2025-04-28 19:43:16.219,14.0
2025-04-28 19:43:16.342,14.0
2025-04-28 19:43:16.466,14.0
2025-04-28 19:43:16.589,14.0
2025-04-28 19:43:16.713,13.0
2025-04-28 19:43:16.837,13.0
2025-04-28 19:43:16.960,14.0
2025-04-28 19:43:17.084,12.0
2025-04-28 19:43:17.207,17.0
2025-04-28 19:43:17.331,14.0
2025-04-28 19:43:17.454,13.0
2025-04-28 19:43:17.578,13.0
2025-04-28 19:43:17.702,15.0
2025-04-28 19:43:17.825,13.0
2025-04-28 19:43:17.949,13.0
2025-04-28 19:43:18.072,14.0
2025-04-28 19:43:18.196,13.0
2025-04-28 19:43:18.319,13.0
2025-04-28 19:43:18.443,13.0
2025-04-28 19:43:18.567,13.0
2025-04-28 19:43:18.690,15.0
2025-04-28 19:43:18.814,13.0
2025-04-28 19:43:18.937,13.0
2025-04-28 19:43:19.061,13.0
2025-04-28 19:43:19.184,13.0
2025-04-28 19:43:19.308,14.0
2025-04-28 19:43:19.432,14.0
2025-04-28 19:43:19.555,12.0
2025-04-28 19:43:19.679,13.0
2025-04-28 19:43:19.802,13.0
2025-04-28 19:43:19.926,14.0
2025-04-28 19:43:20.049,13.0
2025-04-28 19:43:20.173,14.0
2025-04-28 19:43:20.297,13.0
2025-04-28 19:43:20.420,15.0
2025-04-28 19:43:20.544,14.0
2025-04-28 19:43:20.667,14.0
2025-04-28 19:43:20.791,13.0
2025-04-28 19:43:20.915,13.0
2025-04-28 19:43:21.039,13.0
2025-04-28 19:43:21.163,13.0
2025-04-28 19:43:21.286,14.0
2025-04-28 19:43:21.410,13.0
2025-04-28 19:43:21.533,14.0
2025-04-28 19:43:21.657,17.0
2025-04-28 19:43:21.781,13.0
2025-04-28 19:43:21.904,13.0
2025-04-28 19:43:22.028,15.0
2025-04-28 19:43:22.152,13.0
2025-04-28 19:43:22.275,13.0
2025-04-28 19:43:22.399,14.0
2025-04-28 19:43:22.522,14.0
2025-04-28 19:43:22.646,14.0
2025-04-28 19:43:22.769,13.0
2025-04-28 19:43:22.893,14.0
2025-04-28 19:43:23.017,14.0
2025-04-28 19:43:23.140,13.0
2025-04-28 19:43:23.264,14.0
2025-04-28 19:43:23.387,14.0
2025-04-28 19:43:23.511,14.0
2025-04-28 19:43:23.634,14.0
2025-04-28 19:43:23.758,13.0
2025-04-28 19:43:23.882,14.0
2025-04-28 19:43:24.005,14.0
2025-04-28 19:43:24.129,13.0
2025-04-28 19:43:24.252,13.0
2025-04-28 19:43:24.376,14.0
2025-04-28 19:43:24.499,14.0
2025-04-28 19:43:24.623,13.0
2025-04-28 19:43:24.747,14.0
2025-04-28 19:43:24.870,14.0
2025-04-28 19:43:24.994,12.0
2025-04-28 19:43:25.117,15.0
2025-04-28 19:43:25.241,14.0
2025-04-28 19:43:25.365,13.0
2025-04-28 19:43:25.488,15.0
2025-04-28 19:43:25.612,14.0
2025-04-28 19:43:25.735,14.0
2025-04-28 19:43:25.859,13.0
2025-04-28 19:43:25.983,14.0
2025-04-28 19:43:26.106,13.0
2025-04-28 19:43:26.230,14.0
2025-04-28 19:43:26.353,15.0
2025-04-28 19:43:26.477,14.0
2025-04-28 19:43:26.601,14.0
2025-04-28 19:43:26.724,13.0
2025-04-28 19:43:26.848,14.0
2025-04-28 19:43:26.972,14.0
2025-04-28 19:43:27.095,14.0
2025-04-28 19:43:27.219,13.0
2025-04-28 19:43:27.343,12.0
2025-04-28 19:43:27.467,15.0
2025-04-28 19:43:27.590,14.0
2025-04-28 19:43:27.714,14.0
2025-04-28 19:43:27.838,17.0
2025-04-28 19:43:27.961,13.0
2025-04-28 19:43:28.085,14.0
2025-04-28 19:43:28.209,14.0
2025-04-28 19:43:28.332,14.0
2025-04-28 19:43:28.456,13.0
2025-04-28 19:43:28.579,14.0
2025-04-28 19:43:28.703,14.0
2025-04-28 19:43:28.827,14.0
2025-04-28 19:43:28.950,13.0
2025-04-28 19:43:29.074,14.0
2025-04-28 19:43:29.197,13.0
2025-04-28 19:43:29.321,14.0
2025-04-28 19:43:29.445,13.0
2025-04-28 19:43:29.568,14.0
2025-04-28 19:43:29.692,13.0
2025-04-28 19:43:29.815,14.0
2025-04-28 19:43:29.939,13.0
2025-04-28 19:43:30.062,14.0
2025-04-28 19:43:30.186,14.0
2025-04-28 19:43:30.310,13.0
2025-04-28 19:43:30.433,13.0
2025-04-28 19:43:30.557,14.0
2025-04-28 19:43:30.680,13.0
2025-04-28 19:43:30.804,13.0
2025-04-28 19:43:30.927,13.0
2025-04-28 19:43:31.051,14.0
2025-04-28 19:43:31.175,13.0
2025-04-28 19:43:31.298,14.0
2025-04-28 19:43:31.422,14.0
2025-04-28 19:43:31.545,15.0
2025-04-28 19:43:31.669,13.0
2025-04-28 19:43:31.792,13.0
2025-04-28 19:43:31.916,13.0
2025-04-28 19:43:32.040,14.0
2025-04-28 19:43:32.163,14.0
2025-04-28 19:43:32.287,14.0
2025-04-28 19:43:32.411,14.0
2025-04-28 19:43:32.534,14.0
2025-04-28 19:43:32.658,14.0
2025-04-28 19:43:32.781,13.0
2025-04-28 19:43:32.905,13.0
2025-04-28 19:43:33.029,14.0
2025-04-28 19:43:33.153,14.0
2025-04-28 19:43:33.276,14.0
2025-04-28 19:43:33.400,13.0
2025-04-28 19:43:33.524,13.0
2025-04-28 19:43:33.647,15.0
2025-04-28 19:43:33.771,13.0
2025-04-28 19:43:33.894,13.0
2025-04-28 19:43:34.018,14.0
2025-04-28 19:43:34.141,13.0
2025-04-28 19:43:34.265,14.0
2025-04-28 19:43:34.389,14.0
2025-04-28 19:43:34.512,14.0
2025-04-28 19:43:34.636,13.0
2025-04-28 19:43:34.759,14.0
2025-04-28 19:43:34.883,12.0
2025-04-28 19:43:35.007,14.0
2025-04-28 19:43:35.130,14.0
2025-04-28 19:43:35.254,15.0
2025-04-28 19:43:35.378,13.0
2025-04-28 19:43:35.501,14.0
2025-04-28 19:43:35.625,13.0
2025-04-28 19:43:35.748,13.0
2025-04-28 19:43:35.872,13.0
2025-04-28 19:43:35.996,15.0
2025-04-28 19:43:36.120,17.0
2025-04-28 19:43:36.243,15.0
2025-04-28 19:43:36.367,10.0
2025-04-28 19:43:36.491,14.0
2025-04-28 19:43:36.614,13.0
2025-04-28 19:43:36.738,13.0
2025-04-28 19:43:36.862,13.0
2025-04-28 19:43:36.985,15.0
2025-04-28 19:43:37.109,13.0
2025-04-28 19:43:37.232,14.0
2025-04-28 19:43:37.356,13.0
2025-04-28 19:43:37.480,14.0
2025-04-28 19:43:37.603,14.0
2025-04-28 19:43:37.727,15.0
2025-04-28 19:43:37.851,13.0
2025-04-28 19:43:37.974,13.0
2025-04-28 19:43:38.098,13.0
2025-04-28 19:43:38.221,13.0
2025-04-28 19:43:38.345,14.0
2025-04-28 19:43:38.469,14.0
2025-04-28 19:43:38.592,15.0
2025-04-28 19:43:38.716,12.0
2025-04-28 19:43:38.840,13.0
2025-04-28 19:43:38.963,13.0
2025-04-28 19:43:39.087,13.0
2025-04-28 19:43:39.211,14.0
2025-04-28 19:43:39.334,13.0
2025-04-28 19:43:39.458,14.0
2025-04-28 19:43:39.582,14.0
2025-04-28 19:43:39.705,13.0
2025-04-28 19:43:39.829,15.0
2025-04-28 19:43:39.953,13.0
2025-04-28 19:43:40.076,13.0
2025-04-28 19:43:40.200,13.0
2025-04-28 19:43:40.324,14.0
2025-04-28 19:43:40.447,14.0
2025-04-28 19:43:40.571,14.0
2025-04-28 19:43:40.695,13.0
2025-04-28 19:43:40.818,14.0
2025-04-28 19:43:40.942,13.0
2025-04-28 19:43:41.065,14.0
2025-04-28 19:43:41.189,14.0
2025-04-28 19:43:41.313,14.0
2025-04-28 19:43:41.436,13.0
2025-04-28 19:43:41.560,13.0
2025-04-28 19:43:41.684,13.0
2025-04-28 19:43:41.807,15.0
2025-04-28 19:43:41.931,14.0
2025-04-28 19:43:42.055,14.0
2025-04-28 19:43:42.178,15.0
2025-04-28 19:43:42.302,13.0
2025-04-28 19:43:42.425,14.0
2025-04-28 19:43:42.549,13.0
2025-04-28 19:43:42.673,13.0
2025-04-28 19:43:42.796,14.0
2025-04-28 19:43:42.920,15.0
2025-04-28 19:43:43.044,13.0
2025-04-28 19:43:43.167,14.0
2025-04-28 19:43:43.291,14.0
2025-04-28 19:43:43.415,14.0
2025-04-28 19:43:43.538,13.0
2025-04-28 19:43:43.662,13.0
2025-04-28 19:43:43.785,13.0
2025-04-28 19:43:43.909,13.0
2025-04-28 19:43:44.033,13.0
2025-04-28 19:43:44.156,14.0
2025-04-28 19:43:44.280,17.0
2025-04-28 19:43:44.404,13.0
2025-04-28 19:43:44.527,14.0
2025-04-28 19:43:44.651,14.0
2025-04-28 19:43:44.775,14.0
2025-04-28 19:43:44.898,13.0
2025-04-28 19:43:45.022,14.0
2025-04-28 19:43:45.146,15.0
2025-04-28 19:43:45.269,14.0
2025-04-28 19:43:45.393,12.0
2025-04-28 19:43:45.517,14.0
2025-04-28 19:43:45.640,14.0
2025-04-28 19:43:45.764,14.0
2025-04-28 19:43:45.888,14.0
2025-04-28 19:43:46.011,12.0
2025-04-28 19:43:46.135,14.0
2025-04-28 19:43:46.259,15.0
2025-04-28 19:43:46.382,13.0
2025-04-28 19:43:46.506,14.0
2025-04-28 19:43:46.629,13.0
2025-04-28 19:43:46.753,13.0
2025-04-28 19:43:46.877,17.0
2025-04-28 19:43:47.000,14.0
2025-04-28 19:43:47.124,14.0
2025-04-28 19:43:47.247,14.0
2025-04-28 19:43:47.371,13.0
2025-04-28 19:43:47.495,14.0
2025-04-28 19:43:47.618,13.0
2025-04-28 19:43:47.742,14.0
2025-04-28 19:43:47.865,13.0
2025-04-28 19:43:47.989,14.0
2025-04-28 19:43:48.113,13.0
2025-04-28 19:43:48.236,14.0
2025-04-28 19:43:48.360,13.0
2025-04-28 19:43:48.483,13.0
2025-04-28 19:43:48.607,14.0
2025-04-28 19:43:48.731,17.0
2025-04-28 19:43:48.854,15.0
2025-04-28 19:43:48.978,13.0
2025-04-28 19:43:49.102,14.0
2025-04-28 19:43:49.225,13.0
2025-04-28 19:43:49.349,13.0
2025-04-28 19:43:49.472,13.0
2025-04-28 19:43:49.596,13.0
2025-04-28 19:43:49.720,14.0
2025-04-28 19:43:49.843,13.0
2025-04-28 19:43:49.967,13.0
2025-04-28 19:43:50.091,14.0
2025-04-28 19:43:50.214,13.0
2025-04-28 19:43:50.338,14.0
2025-04-28 19:43:50.461,13.0
2025-04-28 19:43:50.585,13.0
2025-04-28 19:43:50.708,14.0
2025-04-28 19:43:50.832,14.0
2025-04-28 19:43:50.956,15.0
2025-04-28 19:43:51.080,14.0
2025-04-28 19:43:51.203,13.0
2025-04-28 19:43:51.327,12.0
2025-04-28 19:43:51.450,15.0
2025-04-28 19:43:51.574,14.0
2025-04-28 19:43:51.698,14.0
2025-04-28 19:43:51.821,13.0
2025-04-28 19:43:51.945,17.0
2025-04-28 19:43:52.068,14.0
2025-04-28 19:43:52.192,13.0
2025-04-28 19:43:52.316,15.0
2025-04-28 19:43:52.439,14.0
2025-04-28 19:43:52.563,14.0
2025-04-28 19:43:52.686,13.0
2025-04-28 19:43:52.810,14.0
2025-04-28 19:43:52.934,13.0
2025-04-28 19:43:53.057,12.0
2025-04-28 19:43:53.181,14.0
2025-04-28 19:43:53.305,14.0
2025-04-28 19:43:53.428,14.0
2025-04-28 19:43:53.552,15.0
2025-04-28 19:43:53.675,14.0
2025-04-28 19:43:53.799,14.0
2025-04-28 19:43:53.923,14.0
2025-04-28 19:43:54.046,14.0
2025-04-28 19:43:54.170,13.0
2025-04-28 19:43:54.294,14.0
2025-04-28 19:43:54.417,13.0
2025-04-28 19:43:54.541,13.0
2025-04-28 19:43:54.664,13.0
2025-04-28 19:43:54.788,13.0
2025-04-28 19:43:54.912,15.0
2025-04-28 19:43:55.035,13.0
2025-04-28 19:43:55.159,13.0
2025-04-28 19:43:55.283,13.0
2025-04-28 19:43:55.406,13.0
2025-04-28 19:43:55.530,13.0
2025-04-28 19:43:55.654,14.0
2025-04-28 19:43:55.777,14.0
2025-04-28 19:43:55.901,14.0
2025-04-28 19:43:56.025,13.0
2025-04-28 19:43:56.148,14.0
2025-04-28 19:43:56.272,14.0
2025-04-28 19:43:56.396,14.0
2025-04-28 19:43:56.519,12.0
2025-04-28 19:43:56.643,13.0
2025-04-28 19:43:56.767,13.0
2025-04-28 19:43:56.890,17.0
2025-04-28 19:43:57.014,15.0
2025-04-28 19:43:57.138,13.0
2025-04-28 19:43:57.262,15.0
2025-04-28 19:43:57.386,15.0
2025-04-28 19:43:57.510,15.0
2025-04-28 19:43:57.633,15.0
2025-04-28 19:43:57.757,15.0
2025-04-28 19:43:57.881,14.0
2025-04-28 19:43:58.005,14.0
2025-04-28 19:43:58.129,13.0
2025-04-28 19:43:58.252,15.0
2025-04-28 19:43:58.376,15.0
2025-04-28 19:43:58.500,15.0
2025-04-28 19:43:58.624,14.0
2025-04-28 19:43:58.748,15.0
2025-04-28 19:43:58.872,14.0
2025-04-28 19:43:58.995,17.0
2025-04-28 19:43:59.119,14.0
2025-04-28 19:43:59.243,14.0
2025-04-28 19:43:59.366,15.0
2025-04-28 19:43:59.490,14.0
2025-04-28 19:43:59.613,14.0
2025-04-28 19:43:59.737,14.0
2025-04-28 19:43:59.861,13.0
2025-04-28 19:43:59.984,14.0
2025-04-28 19:44:00.108,14.0
2025-04-28 19:44:00.232,15.0
2025-04-28 19:44:00.355,13.0
2025-04-28 19:44:00.479,13.0
2025-04-28 19:44:00.602,14.0
2025-04-28 19:44:00.726,13.0
2025-04-28 19:44:00.850,14.0
2025-04-28 19:44:00.973,14.0
2025-04-28 19:44:01.097,17.0
2025-04-28 19:44:01.221,14.0
2025-04-28 19:44:01.344,15.0
2025-04-28 19:44:01.468,14.0
2025-04-28 19:44:01.591,17.0
2025-04-28 19:44:01.715,14.0
2025-04-28 19:44:01.839,15.0
2025-04-28 19:44:01.962,14.0
2025-04-28 19:44:02.086,13.0
2025-04-28 19:44:02.210,15.0
2025-04-28 19:44:02.333,15.0
2025-04-28 19:44:02.457,14.0
2025-04-28 19:44:02.580,13.0
2025-04-28 19:44:02.704,14.0
2025-04-28 19:44:02.827,13.0
2025-04-28 19:44:02.951,14.0
2025-04-28 19:44:03.075,14.0
2025-04-28 19:44:03.198,14.0
2025-04-28 19:44:03.322,10.0
2025-04-28 19:44:03.446,13.0
2025-04-28 19:44:03.569,14.0
2025-04-28 19:44:03.693,13.0
2025-04-28 19:44:03.816,13.0
2025-04-28 19:44:03.940,14.0
2025-04-28 19:44:04.064,13.0
2025-04-28 19:44:04.187,13.0
2025-04-28 19:44:04.311,14.0
2025-04-28 19:44:04.434,14.0
2025-04-28 19:44:04.558,13.0
2025-04-28 19:44:04.682,13.0
2025-04-28 19:44:04.805,13.0
2025-04-28 19:44:04.929,14.0
2025-04-28 19:44:05.052,13.0
2025-04-28 19:44:05.176,14.0
2025-04-28 19:44:05.300,13.0
2025-04-28 19:44:05.423,13.0
2025-04-28 19:44:05.547,14.0
2025-04-28 19:44:05.670,13.0
2025-04-28 19:44:05.794,14.0
2025-04-28 19:44:05.918,14.0
2025-04-28 19:44:06.041,15.0
2025-04-28 19:44:06.165,15.0
2025-04-28 19:44:06.289,13.0
2025-04-28 19:44:06.412,14.0
2025-04-28 19:44:06.536,14.0
2025-04-28 19:44:06.660,14.0
2025-04-28 19:44:06.784,12.0
2025-04-28 19:44:06.907,14.0
2025-04-28 19:44:07.031,14.0
2025-04-28 19:44:07.155,13.0
2025-04-28 19:44:07.278,14.0
2025-04-28 19:44:07.402,14.0
2025-04-28 19:44:07.525,14.0
2025-04-28 19:44:07.649,14.0
2025-04-28 19:44:07.773,14.0
2025-04-28 19:44:07.896,14.0
2025-04-28 19:44:08.020,14.0
2025-04-28 19:44:08.144,14.0
2025-04-28 19:44:08.267,13.0
2025-04-28 19:44:08.391,13.0
2025-04-28 19:44:08.515,14.0
2025-04-28 19:44:08.638,14.0
2025-04-28 19:44:08.762,13.0
2025-04-28 19:44:08.886,13.0
2025-04-28 19:44:09.009,12.0
2025-04-28 19:44:09.133,14.0
2025-04-28 19:44:09.257,14.0
2025-04-28 19:44:09.380,13.0
2025-04-28 19:44:09.504,15.0
2025-04-28 19:44:09.628,13.0
2025-04-28 19:44:09.751,13.0
2025-04-28 19:44:09.875,14.0
2025-04-28 19:44:09.998,15.0
2025-04-28 19:44:10.122,13.0
2025-04-28 19:44:10.246,13.0
2025-04-28 19:44:10.369,13.0
2025-04-28 19:44:10.493,14.0
2025-04-28 19:44:10.616,13.0
2025-04-28 19:44:10.740,10.0
2025-04-28 19:44:10.864,15.0
2025-04-28 19:44:10.987,13.0
2025-04-28 19:44:11.111,14.0
2025-04-28 19:44:11.234,13.0
2025-04-28 19:44:11.358,13.0
2025-04-28 19:44:11.481,13.0
2025-04-28 19:44:11.605,15.0
2025-04-28 19:44:11.728,13.0
2025-04-28 19:44:11.852,13.0
2025-04-28 19:44:11.976,14.0
2025-04-28 19:44:12.099,13.0
2025-04-28 19:44:12.223,13.0
2025-04-28 19:44:12.347,13.0
2025-04-28 19:44:12.470,14.0
2025-04-28 19:44:12.594,14.0
2025-04-28 19:44:12.717,14.0
2025-04-28 19:44:12.841,12.0
2025-04-28 19:44:12.965,13.0
2025-04-28 19:44:13.088,13.0
2025-04-28 19:44:13.212,14.0
2025-04-28 19:44:13.336,13.0
2025-04-28 19:44:13.459,14.0
2025-04-28 19:44:13.583,14.0
2025-04-28 19:44:13.707,14.0
2025-04-28 19:44:13.830,12.0
2025-04-28 19:44:13.954,14.0
2025-04-28 19:44:14.077,14.0
2025-04-28 19:44:14.201,14.0
2025-04-28 19:44:14.325,14.0
2025-04-28 19:44:14.448,13.0
2025-04-28 19:44:14.572,14.0
2025-04-28 19:44:14.696,14.0
2025-04-28 19:44:14.819,13.0
2025-04-28 19:44:14.943,13.0
2025-04-28 19:44:15.067,15.0
2025-04-28 19:44:15.191,13.0
2025-04-28 19:44:15.315,13.0
2025-04-28 19:44:15.438,15.0
2025-04-28 19:44:15.562,13.0
2025-04-28 19:44:15.685,15.0
2025-04-28 19:44:15.809,14.0
2025-04-28 19:44:15.933,13.0
2025-04-28 19:44:16.056,14.0
2025-04-28 19:44:16.180,13.0
2025-04-28 19:44:16.304,13.0
2025-04-28 19:44:16.427,12.0
2025-04-28 19:44:16.551,14.0
2025-04-28 19:44:16.675,12.0
2025-04-28 19:44:16.798,15.0
2025-04-28 19:44:16.922,14.0
2025-04-28 19:44:17.046,14.0
2025-04-28 19:44:17.169,13.0
2025-04-28 19:44:17.293,14.0
2025-04-28 19:44:17.417,13.0
2025-04-28 19:44:17.540,14.0
2025-04-28 19:44:17.664,14.0
2025-04-28 19:44:17.787,14.0
2025-04-28 19:44:17.911,13.0
2025-04-28 19:44:18.035,12.0
2025-04-28 19:44:18.159,14.0
2025-04-28 19:44:18.282,12.0
2025-04-28 19:44:18.406,14.0
2025-04-28 19:44:18.530,14.0
2025-04-28 19:44:18.653,14.0
2025-04-28 19:44:18.777,13.0
2025-04-28 19:44:18.901,13.0
2025-04-28 19:44:19.024,13.0
2025-04-28 19:44:19.148,14.0
2025-04-28 19:44:19.271,13.0
2025-04-28 19:44:19.395,14.0
2025-04-28 19:44:19.519,14.0
2025-04-28 19:44:19.642,13.0
2025-04-28 19:44:19.766,14.0
2025-04-28 19:44:19.890,13.0
2025-04-28 19:44:20.013,14.0
2025-04-28 19:44:20.137,14.0
2025-04-28 19:44:20.260,13.0
2025-04-28 19:44:20.384,14.0
2025-04-28 19:44:20.507,14.0
2025-04-28 19:44:20.631,14.0
2025-04-28 19:44:20.755,14.0
2025-04-28 19:44:20.878,14.0
2025-04-28 19:44:21.002,13.0
2025-04-28 19:44:21.125,14.0
2025-04-28 19:44:21.249,14.0
2025-04-28 19:44:21.373,13.0
2025-04-28 19:44:21.496,13.0
2025-04-28 19:44:21.620,14.0
2025-04-28 19:44:21.743,12.0
2025-04-28 19:44:21.867,14.0
2025-04-28 19:44:21.991,14.0
2025-04-28 19:44:22.114,13.0
2025-04-28 19:44:22.238,14.0
2025-04-28 19:44:22.362,14.0
2025-04-28 19:44:22.485,13.0
2025-04-28 19:44:22.609,13.0
2025-04-28 19:44:22.732,13.0
2025-04-28 19:44:22.856,15.0
2025-04-28 19:44:22.980,14.0
2025-04-28 19:44:23.103,14.0
2025-04-28 19:44:23.227,14.0
2025-04-28 19:44:23.351,13.0
2025-04-28 19:44:23.474,14.0
2025-04-28 19:44:23.598,13.0
2025-04-28 19:44:23.721,13.0
2025-04-28 19:44:23.845,14.0
2025-04-28 19:44:23.969,13.0
2025-04-28 19:44:24.092,13.0
2025-04-28 19:44:24.216,17.0
2025-04-28 19:44:24.340,12.0
2025-04-28 19:44:24.463,13.0
2025-04-28 19:44:24.587,17.0
2025-04-28 19:44:24.711,13.0
2025-04-28 19:44:24.834,13.0
2025-04-28 19:44:24.958,14.0
2025-04-28 19:44:25.082,13.0
2025-04-28 19:44:25.205,14.0
2025-04-28 19:44:25.329,14.0
2025-04-28 19:44:25.452,15.0
2025-04-28 19:44:25.576,15.0
2025-04-28 19:44:25.700,15.0
2025-04-28 19:44:25.823,13.0
2025-04-28 19:44:25.947,14.0
2025-04-28 19:44:26.071,13.0
2025-04-28 19:44:26.194,12.0
2025-04-28 19:44:26.318,13.0
2025-04-28 19:44:26.442,14.0
2025-04-28 19:44:26.565,13.0
2025-04-28 19:44:26.689,14.0
2025-04-28 19:44:26.813,14.0
2025-04-28 19:44:26.937,15.0
2025-04-28 19:44:27.060,15.0
2025-04-28 19:44:27.184,15.0
2025-04-28 19:44:27.307,15.0
2025-04-28 19:44:27.431,13.0
2025-04-28 19:44:27.555,13.0
2025-04-28 19:44:27.678,13.0
2025-04-28 19:44:27.802,14.0
2025-04-28 19:44:27.926,13.0
2025-04-28 19:44:28.049,13.0
2025-04-28 19:44:28.173,15.0
2025-04-28 19:44:28.297,14.0
2025-04-28 19:44:28.420,13.0
2025-04-28 19:44:28.544,14.0
2025-04-28 19:44:28.667,12.0
2025-04-28 19:44:28.791,13.0
2025-04-28 19:44:28.915,13.0
2025-04-28 19:44:29.038,14.0
2025-04-28 19:44:29.162,14.0
2025-04-28 19:44:29.286,14.0
2025-04-28 19:44:29.409,14.0
2025-04-28 19:44:29.533,14.0
2025-04-28 19:44:29.657,14.0
2025-04-28 19:44:29.780,14.0
2025-04-28 19:44:29.904,15.0
2025-04-28 19:44:30.028,13.0
2025-04-28 19:44:30.151,14.0
2025-04-28 19:44:30.275,13.0
2025-04-28 19:44:30.398,14.0
2025-04-28 19:44:30.522,13.0
2025-04-28 19:44:30.646,13.0
2025-04-28 19:44:30.769,14.0
2025-04-28 19:44:30.893,10.0
2025-04-28 19:44:31.017,13.0
2025-04-28 19:44:31.140,13.0
2025-04-28 19:44:31.264,15.0
2025-04-28 19:44:31.388,13.0
2025-04-28 19:44:31.511,14.0
2025-04-28 19:44:31.635,14.0
2025-04-28 19:44:31.758,17.0
2025-04-28 19:44:31.882,13.0
2025-04-28 19:44:32.006,14.0
2025-04-28 19:44:32.129,14.0
2025-04-28 19:44:32.253,14.0
2025-04-28 19:44:32.376,17.0
2025-04-28 19:44:32.500,13.0
2025-04-28 19:44:32.623,15.0
2025-04-28 19:44:32.747,14.0
2025-04-28 19:44:32.871,13.0
2025-04-28 19:44:32.995,13.0
2025-04-28 19:44:33.118,14.0
2025-04-28 19:44:33.242,13.0
2025-04-28 19:44:33.365,13.0
2025-04-28 19:44:33.489,14.0
2025-04-28 19:44:33.612,13.0
2025-04-28 19:44:33.736,12.0
2025-04-28 19:44:33.860,14.0
2025-04-28 19:44:33.983,13.0
2025-04-28 19:44:34.107,15.0
2025-04-28 19:44:34.231,14.0
2025-04-28 19:44:34.354,14.0
2025-04-28 19:44:34.478,13.0
2025-04-28 19:44:34.601,14.0
2025-04-28 19:44:34.725,13.0
2025-04-28 19:44:34.849,13.0
2025-04-28 19:44:34.972,13.0
2025-04-28 19:44:35.096,14.0
2025-04-28 19:44:35.220,13.0
2025-04-28 19:44:35.343,15.0
2025-04-28 19:44:35.467,14.0
2025-04-28 19:44:35.590,15.0
2025-04-28 19:44:35.714,13.0
2025-04-28 19:44:35.838,14.0
2025-04-28 19:44:35.961,13.0
2025-04-28 19:44:36.085,13.0
2025-04-28 19:44:36.209,14.0
2025-04-28 19:44:36.332,12.0
2025-04-28 19:44:36.456,15.0
2025-04-28 19:44:36.579,13.0
2025-04-28 19:44:36.703,13.0
2025-04-28 19:44:36.827,13.0
2025-04-28 19:44:36.950,13.0
2025-04-28 19:44:37.074,15.0
2025-04-28 19:44:37.198,13.0
2025-04-28 19:44:37.321,13.0
2025-04-28 19:44:37.445,14.0
2025-04-28 19:44:37.568,14.0
2025-04-28 19:44:37.692,17.0
2025-04-28 19:44:37.816,15.0
2025-04-28 19:44:37.939,14.0
2025-04-28 19:44:38.063,15.0
2025-04-28 19:44:38.187,15.0
2025-04-28 19:44:38.310,15.0
2025-04-28 19:44:38.434,15.0
2025-04-28 19:44:38.557,13.0
2025-04-28 19:44:38.681,15.0
2025-04-28 19:44:38.805,15.0
2025-04-28 19:44:38.928,15.0
2025-04-28 19:44:39.052,14.0
2025-04-28 19:44:39.175,15.0
2025-04-28 19:44:39.299,15.0
2025-04-28 19:44:39.423,14.0
2025-04-28 19:44:39.546,15.0
2025-04-28 19:44:39.670,15.0
2025-04-28 19:44:39.793,14.0
2025-04-28 19:44:39.917,15.0
2025-04-28 19:44:40.041,15.0
2025-04-28 19:44:40.164,14.0
2025-04-28 19:44:40.288,14.0
2025-04-28 19:44:40.411,18.0
2025-04-28 19:44:40.535,15.0
2025-04-28 19:44:40.659,15.0
2025-04-28 19:44:40.782,13.0
2025-04-28 19:44:40.906,15.0
2025-04-28 19:44:41.029,14.0
2025-04-28 19:44:41.153,14.0
2025-04-28 19:44:41.276,14.0
2025-04-28 19:44:41.400,14.0
2025-04-28 19:44:41.524,15.0
2025-04-28 19:44:41.647,15.0
2025-04-28 19:44:41.771,15.0
2025-04-28 19:44:41.894,14.0
2025-04-28 19:44:42.018,15.0
2025-04-28 19:44:42.142,14.0
2025-04-28 19:44:42.265,14.0
2025-04-28 19:44:42.389,14.0
2025-04-28 19:44:42.512,18.0
2025-04-28 19:44:42.636,15.0
2025-04-28 19:44:42.759,14.0
2025-04-28 19:44:42.883,14.0
2025-04-28 19:44:43.007,15.0
2025-04-28 19:44:43.130,13.0
2025-04-28 19:44:43.254,15.0
2025-04-28 19:44:43.377,14.0
2025-04-28 19:44:43.501,14.0
2025-04-28 19:44:43.625,15.0
2025-04-28 19:44:43.748,13.0
2025-04-28 19:44:43.872,14.0
2025-04-28 19:44:43.995,15.0
2025-04-28 19:44:44.119,15.0
2025-04-28 19:44:44.243,15.0
2025-04-28 19:44:44.366,14.0
2025-04-28 19:44:44.490,15.0
2025-04-28 19:44:44.613,17.0
2025-04-28 19:44:44.737,14.0
2025-04-28 19:44:44.861,15.0
2025-04-28 19:44:44.984,15.0
2025-04-28 19:44:45.108,15.0
2025-04-28 19:44:45.232,14.0
2025-04-28 19:44:45.355,15.0
2025-04-28 19:44:45.479,14.0
2025-04-28 19:44:45.602,15.0
2025-04-28 19:44:45.726,13.0
2025-04-28 19:44:45.849,14.0
2025-04-28 19:44:45.973,14.0
2025-04-28 19:44:46.097,15.0
2025-04-28 19:44:46.220,14.0
2025-04-28 19:44:46.344,14.0
2025-04-28 19:44:46.467,14.0
2025-04-28 19:44:46.591,15.0
2025-04-28 19:44:46.715,14.0
2025-04-28 19:44:46.838,13.0
2025-04-28 19:44:46.962,14.0
2025-04-28 19:44:47.086,14.0
2025-04-28 19:44:47.209,14.0
2025-04-28 19:44:47.333,15.0
2025-04-28 19:44:47.456,13.0
2025-04-28 19:44:47.580,13.0
2025-04-28 19:44:47.704,14.0
2025-04-28 19:44:47.828,14.0
2025-04-28 19:44:47.951,14.0
2025-04-28 19:44:48.075,14.0
2025-04-28 19:44:48.198,14.0
2025-04-28 19:44:48.322,14.0
2025-04-28 19:44:48.446,14.0
2025-04-28 19:44:48.569,13.0
2025-04-28 19:44:48.693,13.0
2025-04-28 19:44:48.817,12.0
2025-04-28 19:44:48.940,13.0
2025-04-28 19:44:49.064,14.0
2025-04-28 19:44:49.188,14.0
2025-04-28 19:44:49.311,14.0
2025-04-28 19:44:49.435,15.0
2025-04-28 19:44:49.559,15.0
2025-04-28 19:44:49.682,14.0
2025-04-28 19:44:49.806,14.0
2025-04-28 19:44:49.930,14.0
2025-04-28 19:44:50.053,13.0
2025-04-28 19:44:50.177,14.0
2025-04-28 19:44:50.300,13.0
2025-04-28 19:44:50.424,13.0
2025-04-28 19:44:50.548,14.0
2025-04-28 19:44:50.671,12.0
2025-04-28 19:44:50.795,14.0
2025-04-28 19:44:50.919,14.0
2025-04-28 19:44:51.042,13.0
2025-04-28 19:44:51.166,14.0
2025-04-28 19:44:51.289,13.0
2025-04-28 19:44:51.413,13.0
2025-04-28 19:44:51.536,13.0
2025-04-28 19:44:51.660,12.0
2025-04-28 19:44:51.784,12.0
2025-04-28 19:44:51.907,12.0
2025-04-28 19:44:52.031,13.0
2025-04-28 19:44:52.155,15.0
2025-04-28 19:44:52.278,14.0
2025-04-28 19:44:52.402,14.0
2025-04-28 19:44:52.525,14.0
2025-04-28 19:44:52.649,14.0
2025-04-28 19:44:52.773,12.0
2025-04-28 19:44:52.896,13.0
2025-04-28 19:44:53.020,17.0
2025-04-28 19:44:53.144,17.0
2025-04-28 19:44:53.267,13.0
2025-04-28 19:44:53.391,13.0
2025-04-28 19:44:53.515,14.0
2025-04-28 19:44:53.638,13.0
2025-04-28 19:44:53.762,13.0
2025-04-28 19:44:53.886,13.0
2025-04-28 19:44:54.009,13.0
2025-04-28 19:44:54.133,13.0
2025-04-28 19:44:54.257,12.0
2025-04-28 19:44:54.380,17.0
2025-04-28 19:44:54.504,14.0
2025-04-28 19:44:54.627,13.0
2025-04-28 19:44:54.751,14.0
2025-04-28 19:44:54.875,14.0
2025-04-28 19:44:54.998,13.0
2025-04-28 19:44:55.122,12.0
2025-04-28 19:44:55.245,12.0
2025-04-28 19:44:55.369,13.0
2025-04-28 19:44:55.492,13.0
2025-04-28 19:44:55.616,15.0
2025-04-28 19:44:55.740,13.0
2025-04-28 19:44:55.863,13.0
2025-04-28 19:44:55.987,15.0
2025-04-28 19:44:56.111,12.0
2025-04-28 19:44:56.234,14.0
2025-04-28 19:44:56.358,15.0
2025-04-28 19:44:56.481,15.0
2025-04-28 19:44:56.605,12.0
2025-04-28 19:44:56.729,29.0
2025-04-28 19:44:56.853,284.0
2025-04-28 19:44:56.976,293.0
2025-04-28 19:44:57.100,271.0
2025-04-28 19:44:57.224,266.0
2025-04-28 19:44:57.347,267.0
2025-04-28 19:44:57.471,273.0
2025-04-28 19:44:57.595,294.0
2025-04-28 19:44:57.718,14.0
2025-04-28 19:44:57.842,7.0
2025-04-28 19:44:57.966,5.0
2025-04-28 19:44:58.089,13.0
2025-04-28 19:44:58.213,5.0
2025-04-28 19:44:58.336,9.0
2025-04-28 19:44:58.460,7.0
2025-04-28 19:44:58.584,5.0
2025-04-28 19:44:58.707,24.0
2025-04-28 19:44:58.831,20.0
2025-04-28 19:44:58.954,12.0
2025-04-28 19:44:59.078,14.0
2025-04-28 19:44:59.201,20.0
2025-04-28 19:44:59.325,22.0
2025-04-28 19:44:59.449,4.0
2025-04-28 19:44:59.572,15.0
2025-04-28 19:44:59.696,19.0
2025-04-28 19:44:59.819,7.0
2025-04-28 19:44:59.943,17.0
2025-04-28 19:45:00.067,14.0
2025-04-28 19:45:00.190,5.0
2025-04-28 19:45:00.314,4.0
2025-04-28 19:56:00.023,5.0
2025-04-28 19:56:00.147,13.0
2025-04-28 19:56:00.271,22.0
2025-04-28 19:56:00.395,5.0
2025-04-28 19:56:00.518,18.0
2025-04-28 19:56:00.642,5.0
2025-04-28 19:56:00.766,12.0
2025-04-28 19:56:00.890,18.0
2025-04-28 19:56:01.014,22.0
2025-04-28 19:56:01.138,13.0
2025-04-28 19:56:01.261,22.0
2025-04-28 19:56:01.385,5.0
2025-04-28 19:56:01.509,12.0
2025-04-28 19:56:01.632,29.0
2025-04-28 19:56:01.756,13.0
2025-04-28 19:56:01.880,4.0
2025-04-28 19:56:02.003,20.0
2025-04-28 19:56:02.127,25.0
2025-04-28 19:56:02.251,5.0
2025-04-28 19:56:02.374,19.0
2025-04-28 19:56:02.498,8.0
2025-04-28 19:56:02.622,5.0
2025-04-28 19:56:02.745,5.0
2025-04-28 19:56:02.869,13.0
2025-04-28 19:56:02.993,5.0
2025-04-28 19:56:03.116,14.0
2025-04-28 19:56:03.240,18.0
2025-04-28 19:56:03.364,19.0
2025-04-28 19:56:03.488,22.0
2025-04-28 19:56:03.611,10.0
2025-04-28 19:56:03.735,10.0
2025-04-28 19:56:03.859,12.0
2025-04-28 19:56:03.982,17.0
2025-04-28 19:56:04.106,27.0
2025-04-28 19:56:04.230,13.0
2025-04-28 19:56:04.353,4.0
2025-04-28 19:56:04.477,7.0
2025-04-28 19:56:04.600,18.0
2025-04-28 19:56:04.724,9.0
2025-04-28 19:56:04.848,19.0
2025-04-28 19:56:04.972,19.0
2025-04-28 19:56:05.095,14.0
2025-04-28 19:56:05.219,10.0
2025-04-28 19:56:05.343,24.0
2025-04-28 19:56:05.466,17.0
2025-04-28 19:56:05.590,5.0
2025-04-28 19:56:05.714,29.0
2025-04-28 19:56:05.837,19.0
2025-04-28 19:56:05.961,7.0
2025-04-28 19:56:06.085,12.0
2025-04-28 19:56:06.208,9.0
2025-04-28 19:56:06.332,5.0
2025-04-28 19:56:06.456,29.0
2025-04-28 19:56:06.579,5.0
2025-04-28 19:56:06.703,4.0
2025-04-28 19:56:06.826,5.0
2025-04-28 19:56:06.950,17.0
2025-04-28 19:56:07.073,23.0
2025-04-28 19:56:07.197,15.0
2025-04-28 19:56:07.321,13.0
2025-04-28 19:56:07.444,22.0
2025-04-28 19:56:07.568,12.0
2025-04-28 19:56:07.691,5.0
2025-04-28 19:56:07.815,9.0
2025-04-28 19:56:07.939,19.0
2025-04-28 19:56:08.062,20.0
2025-04-28 19:56:08.186,5.0
2025-04-28 19:56:08.309,15.0
2025-04-28 19:56:08.433,5.0
2025-04-28 19:56:08.557,14.0
2025-04-28 19:56:08.680,18.0
2025-04-28 19:56:08.804,13.0
2025-04-28 19:56:08.928,12.0
2025-04-28 19:56:09.051,25.0
2025-04-28 19:56:09.175,18.0
2025-04-28 19:56:09.298,10.0
2025-04-28 19:56:09.422,10.0
2025-04-28 19:56:09.546,18.0
2025-04-28 19:56:09.669,5.0
2025-04-28 19:56:09.793,10.0
2025-04-28 19:56:09.916,7.0
2025-04-28 19:56:10.040,19.0
2025-04-28 19:56:10.164,8.0
2025-04-28 19:56:10.287,12.0
2025-04-28 19:56:10.411,17.0
2025-04-28 19:56:10.534,20.0
2025-04-28 19:56:10.658,5.0
2025-04-28 19:56:10.782,8.0
2025-04-28 19:56:10.905,12.0
2025-04-28 19:56:11.029,8.0
2025-04-28 19:56:11.152,5.0
2025-04-28 19:56:11.276,19.0
2025-04-28 19:56:11.400,7.0
2025-04-28 19:56:11.523,23.0
2025-04-28 19:56:11.647,17.0
2025-04-28 19:56:11.770,18.0
2025-04-28 19:56:11.894,12.0
2025-04-28 19:56:12.018,5.0
2025-04-28 19:56:12.141,14.0
2025-04-28 19:56:12.265,9.0
2025-04-28 19:56:12.388,19.0
2025-04-28 19:56:12.512,5.0
2025-04-28 19:56:12.636,4.0
2025-04-28 19:56:12.759,8.0
2025-04-28 19:56:12.883,5.0
2025-04-28 19:56:13.006,5.0
2025-04-28 19:56:13.130,8.0
2025-04-28 19:56:13.254,15.0
2025-04-28 19:56:13.377,12.0
2025-04-28 19:56:13.501,8.0
2025-04-28 19:56:13.624,22.0
2025-04-28 19:56:13.748,14.0
2025-04-28 19:56:13.872,10.0
2025-04-28 19:56:13.995,13.0
2025-04-28 19:56:14.119,9.0
2025-04-28 19:56:14.242,18.0
2025-04-28 19:56:14.366,17.0
2025-04-28 19:56:14.490,7.0
2025-04-28 19:56:14.613,10.0
2025-04-28 19:56:14.737,9.0
2025-04-28 19:56:14.861,12.0
2025-04-28 19:56:14.984,22.0
2025-04-28 19:56:15.108,5.0
2025-04-28 19:56:15.232,12.0
2025-04-28 19:56:15.355,13.0
2025-04-28 19:56:15.479,20.0
2025-04-28 19:56:15.602,5.0
2025-04-28 19:56:15.726,22.0
2025-04-28 19:56:15.850,12.0
2025-04-28 19:56:15.973,8.0
2025-04-28 19:56:16.097,5.0
2025-04-28 19:56:16.220,23.0
2025-04-28 19:56:16.344,22.0
2025-04-28 19:56:16.468,19.0
2025-04-28 19:56:16.591,10.0
2025-04-28 19:56:16.715,19.0
2025-04-28 19:56:16.839,17.0
2025-04-28 19:56:16.962,5.0
2025-04-28 19:56:17.086,5.0
2025-04-28 19:56:17.209,5.0
2025-04-28 19:56:17.333,20.0
2025-04-28 19:56:17.457,19.0
2025-04-28 19:56:17.580,13.0
2025-04-28 19:56:17.704,13.0
2025-04-28 19:56:17.828,5.0
2025-04-28 19:56:17.951,17.0
2025-04-28 19:56:18.075,5.0
2025-04-28 19:56:18.198,15.0
2025-04-28 19:56:18.322,13.0
2025-04-28 19:56:18.446,5.0
2025-04-28 19:56:18.569,13.0
2025-04-28 19:56:18.693,5.0
2025-04-28 19:56:18.816,5.0
2025-04-28 19:56:18.940,17.0
2025-04-28 19:56:19.063,13.0
2025-04-28 19:56:19.187,8.0
2025-04-28 19:56:19.311,5.0
2025-04-28 19:56:19.434,7.0
2025-04-28 19:56:19.558,25.0
2025-04-28 19:56:19.681,5.0
2025-04-28 19:56:19.805,25.0
2025-04-28 19:56:19.929,9.0
2025-04-28 19:56:20.052,14.0
2025-04-28 19:56:20.176,24.0
2025-04-28 19:56:20.299,23.0
2025-04-28 19:56:20.423,15.0
2025-04-28 19:56:20.547,17.0
2025-04-28 19:56:20.670,18.0
2025-04-28 19:56:20.794,17.0
2025-04-28 19:56:20.918,9.0
2025-04-28 19:56:21.041,10.0
2025-04-28 19:56:21.165,24.0
2025-04-28 19:56:21.288,5.0
2025-04-28 19:56:21.412,24.0
2025-04-28 19:56:21.536,4.0
2025-04-28 19:56:21.659,9.0
2025-04-28 19:56:21.783,15.0
2025-04-28 19:56:21.907,15.0
2025-04-28 19:56:22.030,5.0
2025-04-28 19:56:22.154,5.0
2025-04-28 19:56:22.277,15.0
2025-04-28 19:56:22.401,4.0
2025-04-28 19:56:22.524,14.0
2025-04-28 19:56:22.648,5.0
2025-04-28 19:56:22.772,13.0
2025-04-28 19:56:22.895,7.0
2025-04-28 19:56:23.019,5.0
2025-04-28 19:56:23.143,9.0
2025-04-28 19:56:23.266,18.0
2025-04-28 19:56:23.390,24.0
2025-04-28 19:56:23.513,7.0
2025-04-28 19:56:23.637,7.0
2025-04-28 19:56:23.761,5.0
2025-04-28 19:56:23.884,19.0
2025-04-28 19:56:24.008,8.0
2025-04-28 19:56:24.132,19.0
2025-04-28 19:56:24.255,10.0
2025-04-28 19:56:24.379,9.0
2025-04-28 19:56:24.502,4.0
2025-04-28 19:56:24.626,13.0
2025-04-28 19:56:24.750,15.0
2025-04-28 19:56:24.873,12.0
2025-04-28 19:56:24.997,5.0
2025-04-28 19:56:25.120,15.0
2025-04-28 19:56:25.244,23.0
2025-04-28 19:56:25.368,7.0
2025-04-28 19:56:25.491,13.0
2025-04-28 19:56:25.615,17.0
2025-04-28 19:56:25.738,13.0
2025-04-28 19:56:25.862,4.0
2025-04-28 19:56:25.986,14.0
2025-04-28 19:56:26.109,5.0
2025-04-28 19:56:26.233,9.0
2025-04-28 19:56:26.357,13.0
2025-04-28 19:56:26.480,12.0
2025-04-28 19:56:26.604,7.0
2025-04-28 19:56:26.727,17.0
2025-04-28 19:56:26.851,20.0
2025-04-28 19:56:26.975,8.0
2025-04-28 19:56:27.098,14.0
2025-04-28 19:56:27.222,15.0
2025-04-28 19:56:27.346,12.0
2025-04-28 19:56:27.469,28.0
2025-04-28 19:56:27.593,7.0
2025-04-28 19:56:27.716,5.0
2025-04-28 19:56:27.840,7.0
2025-04-28 19:56:27.964,25.0
2025-04-28 19:56:28.087,5.0
2025-04-28 19:56:28.211,25.0
2025-04-28 19:56:28.335,14.0
2025-04-28 19:56:28.458,5.0
2025-04-28 19:56:28.582,13.0
2025-04-28 19:56:28.705,5.0
2025-04-28 19:56:28.829,13.0
2025-04-28 19:56:28.953,15.0
2025-04-28 19:56:29.076,5.0
2025-04-28 19:56:29.200,12.0
2025-04-28 19:56:29.324,17.0
2025-04-28 19:56:29.447,25.0
2025-04-28 19:56:29.571,25.0
2025-04-28 19:56:29.694,14.0
2025-04-28 19:56:29.818,10.0
2025-04-28 19:56:29.942,19.0
2025-04-28 19:56:30.065,24.0
2025-04-28 19:56:30.189,8.0
2025-04-28 19:56:30.312,10.0
2025-04-28 19:56:30.436,10.0
2025-04-28 19:56:30.560,18.0
2025-04-28 19:56:30.683,8.0
2025-04-28 19:56:30.807,17.0
2025-04-28 19:56:30.930,5.0
2025-04-28 19:56:31.054,8.0
2025-04-28 19:56:31.178,14.0
2025-04-28 19:56:31.301,14.0
2025-04-28 19:56:31.425,17.0
2025-04-28 19:56:31.548,17.0
2025-04-28 19:56:31.672,17.0
2025-04-28 19:56:31.796,22.0
2025-04-28 19:56:31.919,7.0
2025-04-28 19:56:32.043,4.0
2025-04-28 19:56:32.167,15.0
2025-04-28 19:56:32.290,7.0
2025-04-28 19:56:32.414,20.0
2025-04-28 19:56:32.537,12.0
2025-04-28 19:56:32.661,19.0
2025-04-28 19:56:32.785,17.0
2025-04-28 19:56:32.908,13.0
2025-04-28 19:56:33.032,27.0
2025-04-28 19:56:33.156,14.0
2025-04-28 19:56:33.279,17.0
2025-04-28 19:56:33.403,8.0
2025-04-28 19:56:33.526,5.0
2025-04-28 19:56:33.650,10.0
2025-04-28 19:56:33.774,17.0
2025-04-28 19:56:33.897,5.0
2025-04-28 19:56:34.021,12.0
2025-04-28 19:56:34.144,12.0
2025-04-28 19:56:34.268,5.0
2025-04-28 19:56:34.392,5.0
2025-04-28 19:56:34.515,7.0
2025-04-28 19:56:34.639,4.0
2025-04-28 19:56:34.762,30.0
2025-04-28 19:56:34.886,23.0
2025-04-28 19:56:35.010,4.0
2025-04-28 19:56:35.133,10.0
2025-04-28 19:56:35.257,10.0
2025-04-28 19:56:35.380,5.0
2025-04-28 19:56:35.504,8.0
2025-04-28 19:56:35.627,19.0
2025-04-28 19:56:35.751,4.0
2025-04-28 19:56:35.875,5.0
2025-04-28 19:56:35.998,9.0
2025-04-28 19:56:36.122,8.0
2025-04-28 19:56:36.246,5.0
2025-04-28 19:56:36.369,14.0
2025-04-28 19:56:36.493,17.0
2025-04-28 19:56:36.616,5.0
2025-04-28 19:56:36.740,10.0
2025-04-28 19:56:36.864,9.0
2025-04-28 19:56:36.987,13.0
2025-04-28 19:56:37.111,10.0
2025-04-28 19:56:37.235,19.0
2025-04-28 19:56:37.358,24.0
2025-04-28 19:56:37.482,23.0
2025-04-28 19:56:37.605,8.0
2025-04-28 19:56:37.729,5.0
2025-04-28 19:56:37.853,5.0
2025-04-28 19:56:37.976,22.0
2025-04-28 19:56:38.100,14.0
2025-04-28 19:56:38.223,8.0
2025-04-28 19:56:38.347,5.0
2025-04-28 19:56:38.470,8.0
2025-04-28 19:56:38.594,14.0
2025-04-28 19:56:38.718,7.0
2025-04-28 19:56:38.841,13.0
2025-04-28 19:56:38.965,5.0
2025-04-28 19:56:39.089,5.0
2025-04-28 19:56:39.212,19.0
2025-04-28 19:56:39.336,17.0
2025-04-28 19:56:39.460,9.0
2025-04-28 19:56:39.583,29.0
2025-04-28 19:56:39.707,9.0
2025-04-28 19:56:39.830,23.0
2025-04-28 19:56:39.954,15.0
2025-04-28 19:56:40.078,13.0
2025-04-28 19:56:40.201,13.0
2025-04-28 19:56:40.325,10.0
2025-04-28 19:56:40.448,12.0
2025-04-28 19:56:40.572,10.0
2025-04-28 19:56:40.696,5.0
2025-04-28 19:56:40.819,14.0
2025-04-28 19:56:40.943,12.0
2025-04-28 19:56:41.067,24.0
2025-04-28 19:56:41.190,10.0
2025-04-28 19:56:41.314,8.0
2025-04-28 19:56:41.437,14.0
2025-04-28 19:56:41.561,13.0
2025-04-28 19:56:41.684,13.0
2025-04-28 19:56:41.808,9.0
2025-04-28 19:56:41.932,23.0
2025-04-28 19:56:42.055,9.0
2025-04-28 19:56:42.179,23.0
2025-04-28 19:56:42.302,5.0
2025-04-28 19:56:42.426,17.0
2025-04-28 19:56:42.550,8.0
2025-04-28 19:56:42.673,13.0
2025-04-28 19:56:42.797,18.0
2025-04-28 19:56:42.921,18.0
2025-04-28 19:56:43.044,14.0
2025-04-28 19:56:43.168,5.0
2025-04-28 19:56:43.292,4.0
2025-04-28 19:56:43.415,9.0
2025-04-28 19:56:43.539,5.0
2025-04-28 19:56:43.662,25.0
2025-04-28 19:56:43.786,15.0
2025-04-28 19:56:43.910,9.0
2025-04-28 19:56:44.033,17.0
2025-04-28 19:56:44.157,12.0
2025-04-28 19:56:44.280,5.0
2025-04-28 19:56:44.404,27.0
2025-04-28 19:56:44.528,4.0
2025-04-28 19:56:44.651,23.0
2025-04-28 19:56:44.775,17.0
2025-04-28 19:56:44.899,17.0
2025-04-28 19:56:45.022,14.0
2025-04-28 19:56:45.146,8.0
2025-04-28 19:56:45.270,22.0
2025-04-28 19:56:45.393,9.0
2025-04-28 19:56:45.517,12.0
2025-04-28 19:56:45.640,5.0
2025-04-28 19:56:45.764,7.0
2025-04-28 19:56:45.888,12.0
2025-04-28 19:56:46.011,12.0
2025-04-28 19:56:46.135,28.0
2025-04-28 19:56:46.259,8.0
2025-04-28 19:56:46.382,9.0
2025-04-28 19:56:46.506,8.0
2025-04-28 19:56:46.629,19.0
2025-04-28 19:56:46.753,5.0
2025-04-28 19:56:46.877,5.0
2025-04-28 19:56:47.000,24.0
2025-04-28 19:56:47.124,18.0
2025-04-28 19:56:47.248,13.0
2025-04-28 19:56:47.371,15.0
2025-04-28 19:56:47.495,13.0
2025-04-28 19:56:47.618,24.0
2025-04-28 19:56:47.742,17.0
2025-04-28 19:56:47.866,8.0
2025-04-28 19:56:47.989,19.0
2025-04-28 19:56:48.113,15.0
2025-04-28 19:56:48.237,23.0
2025-04-28 19:56:48.360,25.0
2025-04-28 19:56:48.484,8.0
2025-04-28 19:56:48.608,9.0
2025-04-28 19:56:48.731,20.0
2025-04-28 19:56:48.855,22.0
2025-04-28 19:56:48.979,18.0
2025-04-28 19:56:49.102,19.0
2025-04-28 19:56:49.226,10.0
2025-04-28 19:56:49.349,4.0
2025-04-28 19:56:49.473,18.0
2025-04-28 19:56:49.597,10.0
2025-04-28 19:56:49.720,13.0
2025-04-28 19:56:49.844,4.0
2025-04-28 19:56:49.967,19.0
2025-04-28 19:56:50.091,5.0
2025-04-28 19:56:50.215,5.0
2025-04-28 19:56:50.338,14.0
2025-04-28 19:56:50.462,10.0
2025-04-28 19:56:50.585,8.0
2025-04-28 19:56:50.709,5.0
2025-04-28 19:56:50.833,8.0
2025-04-28 19:56:50.957,5.0
2025-04-28 19:56:51.080,19.0
2025-04-28 19:56:51.204,17.0
2025-04-28 19:56:51.327,13.0
2025-04-28 19:56:51.451,12.0
2025-04-28 19:56:51.575,15.0
2025-04-28 19:56:51.698,27.0
2025-04-28 19:56:51.822,19.0
2025-04-28 19:56:51.946,17.0
2025-04-28 19:56:52.069,8.0
2025-04-28 19:56:52.193,5.0
2025-04-28 19:56:52.316,25.0
2025-04-28 19:56:52.440,8.0
2025-04-28 19:56:52.564,7.0
2025-04-28 19:56:52.687,14.0
2025-04-28 19:56:52.811,14.0
2025-04-28 19:56:52.935,13.0
2025-04-28 19:56:53.058,7.0
2025-04-28 19:56:53.182,14.0
2025-04-28 19:56:53.305,17.0
2025-04-28 19:56:53.429,19.0
2025-04-28 19:56:53.553,17.0
2025-04-28 19:56:53.676,13.0
2025-04-28 19:56:53.800,5.0
2025-04-28 19:56:53.923,9.0
2025-04-28 19:56:54.047,25.0
2025-04-28 19:56:54.171,5.0
2025-04-28 19:56:54.294,5.0
2025-04-28 19:56:54.418,4.0
2025-04-28 19:56:54.542,23.0
2025-04-28 19:56:54.665,10.0
2025-04-28 19:56:54.789,13.0
2025-04-28 19:56:54.912,17.0
2025-04-28 19:56:55.036,23.0
2025-04-28 19:56:55.160,12.0
2025-04-28 19:56:55.283,15.0
2025-04-28 19:56:55.407,5.0
2025-04-28 19:56:55.530,7.0
2025-04-28 19:56:55.654,10.0
2025-04-28 19:56:55.778,15.0
2025-04-28 19:56:55.901,10.0
2025-04-28 19:56:56.025,17.0
2025-04-28 19:56:56.149,8.0
2025-04-28 19:56:56.272,5.0
2025-04-28 19:56:56.396,23.0
2025-04-28 19:56:56.519,27.0
2025-04-28 19:56:56.643,14.0
2025-04-28 19:56:56.767,19.0
2025-04-28 19:56:56.891,17.0
2025-04-28 19:56:57.014,22.0
2025-04-28 19:56:57.138,28.0
2025-04-28 19:56:57.261,13.0
2025-04-28 19:56:57.385,15.0
2025-04-28 19:56:57.509,5.0
2025-04-28 19:56:57.632,9.0
2025-04-28 19:56:57.756,7.0
2025-04-28 19:56:57.880,15.0
2025-04-28 19:56:58.003,13.0
2025-04-28 19:56:58.127,18.0
2025-04-28 19:56:58.250,13.0
2025-04-28 19:56:58.374,13.0
2025-04-28 19:56:58.498,20.0
2025-04-28 19:56:58.621,29.0
2025-04-28 19:56:58.745,14.0
2025-04-28 19:56:58.869,25.0
2025-04-28 19:56:58.992,15.0
2025-04-28 19:56:59.116,4.0
2025-04-28 19:56:59.239,8.0
2025-04-28 19:56:59.363,7.0
2025-04-28 19:56:59.487,20.0
2025-04-28 19:56:59.610,5.0
2025-04-28 19:56:59.734,15.0
2025-04-28 19:56:59.858,9.0
2025-04-28 19:56:59.981,12.0
2025-04-28 19:57:00.105,13.0
2025-04-28 19:57:00.228,5.0
2025-04-28 19:57:00.352,13.0
2025-04-28 19:57:00.476,25.0
2025-04-28 19:57:00.599,22.0
2025-04-28 19:57:00.723,4.0
2025-04-28 19:57:00.847,9.0
2025-04-28 19:57:00.971,9.0
2025-04-28 19:57:01.094,10.0
2025-04-28 19:57:01.218,13.0
2025-04-28 19:57:01.342,19.0
2025-04-28 19:57:01.465,5.0
2025-04-28 19:57:01.589,9.0
2025-04-28 19:57:01.712,15.0
2025-04-28 19:57:01.836,15.0
2025-04-28 19:57:01.960,10.0
2025-04-28 19:57:02.083,9.0
2025-04-28 19:57:02.207,12.0
2025-04-28 19:57:02.331,12.0
2025-04-28 19:57:02.454,9.0
2025-04-28 19:57:02.578,19.0
2025-04-28 19:57:02.702,18.0
2025-04-28 19:57:02.825,8.0
2025-04-28 19:57:02.949,18.0
2025-04-28 19:57:03.072,19.0
2025-04-28 19:57:03.196,13.0
2025-04-28 19:57:03.320,9.0
2025-04-28 19:57:03.443,8.0
2025-04-28 19:57:03.567,5.0
2025-04-28 19:57:03.691,22.0
2025-04-28 19:57:03.814,23.0
2025-04-28 19:57:03.938,10.0
2025-04-28 19:57:04.062,22.0
2025-04-28 19:57:04.185,17.0
2025-04-28 19:57:04.309,8.0
2025-04-28 19:57:04.432,18.0
2025-04-28 19:57:04.556,25.0
2025-04-28 19:57:04.680,8.0
2025-04-28 19:57:04.803,14.0
2025-04-28 19:57:04.927,14.0
2025-04-28 19:57:05.050,22.0
2025-04-28 19:57:05.174,7.0
2025-04-28 19:57:05.298,5.0
2025-04-28 19:57:05.421,25.0
2025-04-28 19:57:05.545,13.0
2025-04-28 19:57:05.668,12.0
2025-04-28 19:57:05.792,19.0
2025-04-28 19:57:05.916,15.0
2025-04-28 19:57:06.039,19.0
2025-04-28 19:57:06.163,14.0
2025-04-28 19:57:06.287,22.0
2025-04-28 19:57:06.410,28.0
2025-04-28 19:57:06.534,5.0
2025-04-28 19:57:06.657,8.0
2025-04-28 19:57:06.781,13.0
2025-04-28 19:57:06.905,20.0
2025-04-28 19:57:07.028,19.0
2025-04-28 19:57:07.152,8.0
2025-04-28 19:57:07.275,24.0
2025-04-28 19:57:07.399,18.0
2025-04-28 19:57:07.523,5.0
2025-04-28 19:57:07.646,13.0
2025-04-28 19:57:07.770,20.0
2025-04-28 19:57:07.894,13.0
2025-04-28 19:57:08.017,14.0
2025-04-28 19:57:08.141,7.0
2025-04-28 19:57:08.265,17.0
2025-04-28 19:57:08.388,5.0
2025-04-28 19:57:08.512,8.0
2025-04-28 19:57:08.636,19.0
2025-04-28 19:57:08.759,5.0
2025-04-28 19:57:08.883,4.0
2025-04-28 19:57:09.007,13.0
2025-04-28 19:57:09.131,7.0
2025-04-28 19:57:09.254,22.0
2025-04-28 19:57:09.378,5.0
2025-04-28 19:57:09.502,22.0
2025-04-28 19:57:09.625,27.0
2025-04-28 19:57:09.749,17.0
2025-04-28 19:57:09.872,18.0
2025-04-28 19:57:09.996,18.0
2025-04-28 19:57:10.120,13.0
2025-04-28 19:57:10.243,20.0
2025-04-28 19:57:10.367,10.0
2025-04-28 19:57:10.490,12.0
2025-04-28 19:57:10.614,10.0
2025-04-28 19:57:10.737,5.0
2025-04-28 19:57:10.861,14.0
2025-04-28 19:57:10.985,13.0
2025-04-28 19:57:11.108,17.0
2025-04-28 19:57:11.232,15.0
2025-04-28 19:57:11.356,19.0
2025-04-28 19:57:11.479,15.0
2025-04-28 19:57:11.603,12.0
2025-04-28 19:57:11.727,13.0
2025-04-28 19:57:11.850,13.0
2025-04-28 19:57:11.974,20.0
2025-04-28 19:57:12.097,14.0
2025-04-28 19:57:12.221,13.0
2025-04-28 19:57:12.345,18.0
2025-04-28 19:57:12.468,19.0
2025-04-28 19:57:12.592,15.0
2025-04-28 19:57:12.716,9.0
2025-04-28 19:57:12.839,18.0
2025-04-28 19:57:12.963,28.0
2025-04-28 19:57:13.087,17.0
2025-04-28 19:57:13.210,8.0
2025-04-28 19:57:13.334,19.0
2025-04-28 19:57:13.458,24.0
2025-04-28 19:57:13.581,15.0
2025-04-28 19:57:13.705,17.0
2025-04-28 19:57:13.829,9.0
2025-04-28 19:57:13.952,19.0
2025-04-28 19:57:14.076,22.0
2025-04-28 22:42:00.023,5.0
2025-04-28 22:42:00.147,5.0
2025-04-28 22:42:00.271,5.0
2025-04-28 22:42:00.395,5.0
2025-04-28 22:42:00.519,5.0
2025-04-28 22:42:00.643,5.0
2025-04-28 22:42:00.767,5.0
2025-04-28 22:42:00.891,5.0
2025-04-28 22:42:01.015,5.0
2025-04-28 22:42:01.139,5.0
2025-04-28 22:42:01.263,8.0
2025-04-28 22:42:01.387,12.0
2025-04-28 22:42:01.511,12.0
2025-04-28 22:42:01.634,12.0
2025-04-28 22:42:01.758,12.0
2025-04-28 22:42:01.882,10.0
2025-04-28 22:42:02.005,12.0
2025-04-28 22:42:02.129,10.0
2025-04-28 22:42:02.253,12.0
2025-04-28 22:42:02.376,9.0
2025-04-28 22:42:02.500,14.0
2025-04-28 22:42:02.624,12.0
2025-04-28 22:42:02.747,9.0
2025-04-28 22:42:02.871,12.0
2025-04-28 22:42:02.994,14.0
2025-04-28 22:42:03.118,10.0
2025-04-28 22:42:03.242,10.0
2025-04-28 22:42:03.366,10.0
2025-04-28 22:42:03.489,12.0
2025-04-28 22:42:03.613,13.0
2025-04-28 22:42:03.737,10.0
2025-04-28 22:42:03.860,10.0
2025-04-28 22:42:03.984,10.0
2025-04-28 22:42:04.107,8.0
2025-04-28 22:42:04.231,9.0
2025-04-28 22:42:04.355,9.0
2025-04-28 22:42:04.478,8.0
2025-04-28 22:42:04.602,10.0
2025-04-28 22:42:04.726,9.0
2025-04-28 22:42:04.849,10.0
2025-04-28 22:42:04.973,15.0
2025-04-28 22:42:05.096,12.0
2025-04-28 22:42:05.220,12.0
2025-04-28 22:42:05.344,10.0
2025-04-28 22:42:05.467,12.0
2025-04-28 22:42:05.591,12.0
2025-04-28 22:42:05.715,10.0
2025-04-28 22:42:05.838,9.0
2025-04-28 22:42:05.962,7.0
2025-04-28 22:42:06.085,12.0
2025-04-28 22:42:06.209,10.0
2025-04-28 22:42:06.333,9.0
2025-04-28 22:42:06.456,14.0
2025-04-28 22:42:06.580,17.0
2025-04-28 22:42:06.703,17.0
2025-04-28 22:42:06.827,51.0
2025-04-28 22:42:06.951,64.0
2025-04-28 22:42:07.074,9.0
2025-04-28 22:42:07.198,5.0
2025-04-28 22:42:07.322,18.0
2025-04-28 22:42:07.445,29.0
2025-04-28 22:42:07.569,28.0
2025-04-28 22:42:07.692,43.0
2025-04-28 22:42:07.816,64.0
2025-04-28 22:42:07.939,71.0
2025-04-28 22:42:08.063,121.0
2025-04-28 22:42:08.187,189.0
2025-04-28 22:42:08.311,205.0
2025-04-28 22:42:08.434,219.0
2025-04-28 22:42:08.558,187.0
2025-04-28 22:42:08.681,200.0
2025-04-28 22:42:08.805,214.0
2025-04-28 22:42:08.928,269.0
2025-04-28 22:42:09.052,181.0
2025-04-28 22:42:09.176,259.0
2025-04-28 22:42:09.299,261.0
2025-04-28 22:42:09.423,272.0
2025-04-28 22:42:09.547,271.0
2025-04-28 22:42:09.671,271.0
2025-04-28 22:42:09.794,278.0
2025-04-28 22:42:09.918,282.0
2025-04-28 22:42:10.041,271.0
2025-04-28 22:42:10.165,269.0
2025-04-28 22:42:10.289,270.0
2025-04-28 22:42:10.412,268.0
2025-04-28 22:42:10.536,268.0
2025-04-28 22:42:10.659,268.0
2025-04-28 22:42:10.783,269.0
2025-04-28 22:42:10.907,268.0
2025-04-28 22:42:11.030,268.0
2025-04-28 22:42:11.154,268.0
2025-04-28 22:42:11.278,269.0
2025-04-28 22:42:11.401,268.0
2025-04-28 22:42:11.525,268.0
2025-04-28 22:42:11.648,268.0
2025-04-28 22:42:11.772,269.0
2025-04-28 22:42:11.895,269.0
2025-04-28 22:42:12.019,269.0
2025-04-28 22:42:12.143,268.0
2025-04-28 22:42:12.266,267.0
2025-04-28 22:42:12.390,267.0
2025-04-28 22:42:12.514,268.0
2025-04-28 22:42:12.637,267.0
2025-04-28 22:42:12.761,269.0
2025-04-28 22:42:12.884,269.0
2025-04-28 22:42:13.008,268.0
2025-04-28 22:42:13.132,268.0
2025-04-28 22:42:13.255,269.0
2025-04-28 22:42:13.379,269.0
2025-04-28 22:42:13.503,268.0
2025-04-28 22:42:13.626,269.0
2025-04-28 22:42:13.750,268.0
2025-04-28 22:42:13.874,269.0
2025-04-28 22:42:13.997,269.0
2025-04-28 22:42:14.121,267.0
2025-04-28 22:42:14.244,268.0
2025-04-28 22:42:14.368,268.0
2025-04-28 22:42:14.492,268.0
2025-04-28 22:42:14.615,268.0
2025-04-28 22:42:14.739,270.0
2025-04-28 22:42:14.862,269.0
2025-04-28 22:42:14.986,269.0
2025-04-28 22:42:15.110,269.0
2025-04-28 22:42:15.233,268.0
2025-04-28 22:42:15.357,269.0
2025-04-28 22:42:15.481,268.0
2025-04-28 22:42:15.604,269.0
2025-04-28 22:42:15.728,269.0
2025-04-28 22:42:15.852,270.0
2025-04-28 22:42:15.975,268.0
2025-04-28 22:42:16.099,267.0
2025-04-28 22:42:16.222,269.0
2025-04-28 22:42:16.346,268.0
2025-04-28 22:42:16.470,268.0
2025-04-28 22:42:16.593,268.0
2025-04-28 22:42:16.717,269.0
2025-04-28 22:42:16.841,269.0
2025-04-28 22:42:16.964,268.0
2025-04-28 22:42:17.088,268.0
2025-04-28 22:42:17.211,267.0
2025-04-28 22:42:17.335,268.0
2025-04-28 22:42:17.459,268.0
2025-04-28 22:42:17.582,268.0
2025-04-28 22:42:17.706,268.0
2025-04-28 22:42:17.830,268.0
2025-04-28 22:42:17.953,269.0
2025-04-28 22:42:18.077,269.0
2025-04-28 22:42:18.200,269.0
2025-04-28 22:42:18.324,268.0
2025-04-28 22:42:18.448,266.0
2025-04-28 22:42:18.571,267.0
2025-04-28 22:42:18.695,267.0
2025-04-28 22:42:18.818,268.0
2025-04-28 22:42:18.942,268.0
2025-04-28 22:42:19.065,268.0
2025-04-28 22:42:19.189,268.0
2025-04-28 22:42:19.313,268.0
2025-04-28 22:42:19.436,268.0
2025-04-28 22:42:19.560,268.0
2025-04-28 22:42:19.684,269.0
2025-04-28 22:42:19.807,268.0
2025-04-28 22:42:19.931,268.0
2025-04-28 22:42:20.054,268.0
2025-04-28 22:42:20.178,268.0
2025-04-28 22:42:20.302,267.0
2025-04-28 22:42:20.425,268.0
2025-04-28 22:42:20.549,267.0
2025-04-28 22:42:20.672,267.0
2025-04-28 22:42:20.796,266.0
2025-04-28 22:42:20.920,267.0
2025-04-28 22:42:21.043,266.0
2025-04-28 22:42:21.167,266.0
2025-04-28 22:42:21.291,264.0
2025-04-28 22:42:21.414,263.0
2025-04-28 22:42:21.538,262.0
2025-04-28 22:42:21.662,262.0
2025-04-28 22:42:21.785,261.0
2025-04-28 22:42:21.909,261.0
2025-04-28 22:42:22.032,260.0
2025-04-28 22:42:22.156,260.0
2025-04-28 22:42:22.280,260.0
2025-04-28 22:42:22.403,259.0
2025-04-28 22:42:22.527,259.0
2025-04-28 22:42:22.650,260.0
2025-04-28 22:42:22.774,260.0
2025-04-28 22:42:22.898,259.0
2025-04-28 22:42:23.021,259.0
2025-04-28 22:42:23.145,260.0
2025-04-28 22:42:23.269,260.0
2025-04-28 22:42:23.392,260.0
2025-04-28 22:42:23.516,259.0
2025-04-28 22:42:23.639,260.0
2025-04-28 22:42:23.763,260.0
2025-04-28 22:42:23.887,201.0
2025-04-28 22:42:24.010,209.0
2025-04-28 22:42:24.134,198.0
2025-04-28 22:42:24.258,210.0
2025-04-28 22:42:24.381,212.0
2025-04-28 22:42:24.505,261.0
2025-04-28 22:42:24.628,259.0
2025-04-28 22:42:24.752,261.0
2025-04-28 22:42:24.875,261.0
2025-04-28 22:42:24.999,183.0
2025-04-28 22:42:25.123,184.0
2025-04-28 22:42:25.246,253.0
2025-04-28 22:42:25.370,245.0
2025-04-28 22:42:25.494,264.0
2025-04-28 22:42:25.617,264.0
2025-04-28 22:42:25.741,263.0
2025-04-28 22:42:25.864,264.0
2025-04-28 22:42:25.988,264.0
2025-04-28 22:42:26.112,264.0
2025-04-28 22:42:26.235,264.0
2025-04-28 22:42:26.359,263.0
2025-04-28 22:42:26.483,261.0
2025-04-28 22:42:26.606,261.0
2025-04-28 22:42:26.730,261.0
2025-04-28 22:42:26.854,262.0
2025-04-28 22:42:26.977,261.0
2025-04-28 22:42:27.101,260.0
2025-04-28 22:42:27.224,259.0
2025-04-28 22:42:27.348,255.0
2025-04-28 22:42:27.472,251.0
2025-04-28 22:42:27.595,249.0
2025-04-28 22:42:27.719,246.0
2025-04-28 22:42:27.842,155.0
2025-04-28 22:42:27.966,244.0
2025-04-28 22:42:28.090,263.0
2025-04-28 22:42:28.213,37.0
2025-04-28 22:42:28.337,217.0
2025-04-28 22:42:28.461,364.0
2025-04-28 22:42:28.584,250.0
2025-04-28 22:42:28.708,35.0
2025-04-28 22:42:28.831,22.0
2025-04-28 22:42:28.955,8.0
2025-04-28 22:42:29.079,33.0
2025-04-28 22:42:29.202,17.0
2025-04-28 22:51:00.023,1.0
2025-04-28 22:51:00.147,1.0
2025-04-28 22:51:00.271,1.0
2025-04-28 22:51:00.395,1.0
2025-04-28 22:51:00.519,1.0
2025-04-28 22:51:00.643,1.0
2025-04-28 22:51:00.768,1.0
2025-04-28 22:51:00.892,1.0
2025-04-28 22:51:01.016,1.0
2025-04-28 22:51:01.140,1.0
2025-04-28 22:51:01.263,1.0
2025-04-28 22:51:01.387,1.0
2025-04-28 22:51:01.511,1.0
2025-04-28 22:51:01.635,1.0
2025-04-28 22:51:01.758,1.0
2025-04-28 22:51:01.882,1.0
2025-04-28 22:51:02.006,1.0
2025-04-28 22:51:02.129,1.0
2025-04-28 22:51:02.253,1.0
2025-04-28 22:51:02.377,1.0
2025-04-28 22:51:02.500,1.0
2025-04-28 22:51:02.624,1.0
2025-04-28 22:51:02.748,1.0
2025-04-28 22:51:02.871,1.0
2025-04-28 22:51:02.995,1.0
2025-04-28 22:51:03.119,1.0
2025-04-28 22:51:03.242,1.0
2025-04-28 22:51:03.366,1.0
2025-04-28 22:51:03.490,7.0
2025-04-28 22:51:03.613,5.0
2025-04-28 22:51:03.737,7.0
2025-04-28 22:51:03.860,5.0
2025-04-28 22:51:03.984,12.0
2025-04-28 22:51:04.108,15.0
2025-04-28 22:51:04.231,17.0
2025-04-28 22:51:04.355,20.0
2025-04-28 22:51:04.479,27.0
2025-04-28 22:51:04.602,32.0
2025-04-28 22:51:04.726,30.0
2025-04-28 22:51:04.850,33.0
2025-04-28 22:51:04.973,38.0
2025-04-28 22:51:05.097,37.0
2025-04-28 22:51:05.221,39.0
2025-04-28 22:51:05.344,44.0
2025-04-28 22:51:05.468,44.0
2025-04-28 22:51:05.592,45.0
2025-04-28 22:51:05.715,47.0
2025-04-28 22:51:05.839,48.0
2025-04-28 22:51:05.963,47.0
2025-04-28 22:51:06.086,47.0
2025-04-28 22:51:06.210,45.0
2025-04-28 22:51:06.334,47.0
2025-04-28 22:51:06.457,47.0
2025-04-28 22:51:06.581,49.0
2025-04-28 22:51:06.705,47.0
2025-04-28 22:51:06.828,45.0
2025-04-28 22:51:06.952,43.0
2025-04-28 22:51:07.076,43.0
2025-04-28 22:51:07.199,43.0
2025-04-28 22:51:07.323,43.0
2025-04-28 22:51:07.447,43.0
2025-04-28 22:51:07.570,42.0
2025-04-28 22:51:07.694,42.0
2025-04-28 22:51:07.818,42.0
2025-04-28 22:51:07.941,42.0
2025-04-28 22:51:08.065,43.0
2025-04-28 22:51:08.188,43.0
2025-04-28 22:51:08.312,42.0
2025-04-28 22:51:08.436,40.0
2025-04-28 22:51:08.559,42.0
2025-04-28 22:51:08.683,42.0
2025-04-28 22:51:08.807,40.0
2025-04-28 22:51:08.930,42.0
2025-04-28 22:51:09.054,40.0
2025-04-28 22:51:09.178,40.0
2025-04-28 22:51:09.301,42.0
2025-04-28 22:51:09.425,37.0
2025-04-28 22:51:09.549,37.0
2025-04-28 22:51:09.672,37.0
2025-04-28 22:51:09.796,37.0
2025-04-28 22:51:09.919,35.0
2025-04-28 22:51:10.043,33.0
2025-04-28 22:51:10.167,33.0
2025-04-28 22:51:10.291,33.0
2025-04-28 22:51:10.414,32.0
2025-04-28 22:51:10.538,33.0
2025-04-28 22:51:10.662,34.0
2025-04-28 22:51:10.785,39.0
2025-04-28 22:51:10.909,38.0
2025-04-28 22:51:11.032,38.0
2025-04-28 22:51:11.156,38.0
2025-04-28 22:51:11.280,38.0
2025-04-28 22:51:11.403,39.0
2025-04-28 22:51:11.527,37.0
2025-04-28 22:51:11.651,38.0
2025-04-28 22:51:11.774,38.0
2025-04-28 22:51:11.898,38.0
2025-04-28 22:51:12.022,38.0
2025-04-28 22:51:12.145,38.0
2025-04-28 22:51:12.269,38.0
2025-04-28 22:51:12.393,38.0
2025-04-28 22:51:12.516,38.0
2025-04-28 22:51:12.640,39.0
2025-04-28 22:51:12.764,38.0
2025-04-28 22:51:12.887,40.0
2025-04-28 22:51:13.011,44.0
2025-04-28 22:51:13.135,45.0
2025-04-28 22:51:13.258,42.0
2025-04-28 22:51:13.382,39.0
2025-04-28 22:51:13.506,38.0
2025-04-28 22:51:13.629,39.0
2025-04-28 22:51:13.753,39.0
2025-04-28 22:51:13.877,45.0
2025-04-28 22:51:14.000,47.0
2025-04-28 22:51:14.124,47.0
2025-04-28 22:51:14.247,45.0
2025-04-28 22:51:14.371,45.0
2025-04-28 22:51:14.495,38.0
2025-04-28 22:51:14.618,39.0
2025-04-28 22:51:14.742,38.0
2025-04-28 22:51:14.866,38.0
2025-04-28 22:51:14.989,37.0
2025-04-28 22:51:15.113,37.0
2025-04-28 22:51:15.236,37.0
2025-04-28 22:51:15.360,37.0
2025-04-28 22:51:15.484,35.0
2025-04-28 22:51:15.607,37.0
2025-04-28 22:51:15.731,32.0
2025-04-28 22:51:15.855,37.0
2025-04-28 22:51:15.978,34.0
2025-04-28 22:51:16.102,35.0
2025-04-28 22:51:16.226,35.0
2025-04-28 22:51:16.349,37.0
2025-04-28 22:51:16.473,38.0
2025-04-28 22:51:16.597,37.0
2025-04-28 22:51:16.720,37.0
2025-04-28 22:51:16.844,39.0
2025-04-28 22:51:16.967,30.0
2025-04-28 22:51:17.091,30.0
2025-04-28 22:51:17.215,30.0
2025-04-28 22:51:17.338,29.0
2025-04-28 22:51:17.462,28.0
2025-04-28 22:51:17.586,29.0
2025-04-28 22:51:17.709,28.0
2025-04-28 22:51:17.833,38.0
2025-04-28 22:51:17.956,34.0
2025-04-28 22:51:18.080,35.0
2025-04-28 22:51:18.204,34.0
2025-04-28 22:51:18.327,35.0
2025-04-28 22:51:18.451,35.0
2025-04-28 22:51:18.575,35.0
2025-04-28 22:51:18.699,35.0
2025-04-28 22:51:18.822,35.0
2025-04-28 22:51:18.946,35.0
2025-04-28 22:51:19.070,34.0
2025-04-28 22:51:19.193,34.0
2025-04-28 22:51:19.317,33.0
2025-04-28 22:51:19.441,33.0
2025-04-28 22:51:19.564,34.0
2025-04-28 22:51:19.688,34.0
2025-04-28 22:51:19.811,37.0
2025-04-28 22:51:19.935,29.0
2025-04-28 22:51:20.059,30.0
2025-04-28 22:51:20.182,29.0
2025-04-28 22:51:20.306,29.0
2025-04-28 22:51:20.430,29.0
2025-04-28 22:51:20.553,30.0
2025-04-28 22:51:20.677,29.0
2025-04-28 22:51:20.800,29.0
2025-04-28 22:51:20.924,29.0
2025-04-28 22:51:21.048,29.0
2025-04-28 22:51:21.171,32.0
2025-04-28 22:51:21.295,32.0
2025-04-28 22:51:21.419,32.0
2025-04-28 22:51:21.542,38.0
2025-04-28 22:51:21.666,38.0
2025-04-28 22:51:21.790,38.0
2025-04-28 22:51:21.913,35.0
2025-04-28 22:51:22.037,32.0
2025-04-28 22:51:22.160,30.0
2025-04-28 22:51:22.284,37.0
2025-04-28 22:51:22.408,29.0
2025-04-28 22:51:22.531,29.0
2025-04-28 22:51:22.655,28.0
2025-04-28 22:51:22.779,29.0
2025-04-28 22:51:22.902,30.0
2025-04-28 22:51:23.026,29.0
2025-04-28 22:51:23.149,30.0
2025-04-28 22:51:23.273,30.0
2025-04-28 22:51:23.397,29.0
2025-04-28 22:51:23.520,29.0
2025-04-28 22:51:23.644,35.0
2025-04-28 22:51:23.768,33.0
2025-04-28 22:51:23.891,32.0
2025-04-28 22:51:24.015,34.0
2025-04-28 22:51:24.139,34.0
2025-04-28 22:51:24.262,35.0
2025-04-28 22:51:24.386,35.0
2025-04-28 22:51:24.510,34.0
2025-04-28 22:51:24.634,34.0
2025-04-28 22:51:24.757,33.0
2025-04-28 22:51:24.881,34.0
2025-04-28 22:51:25.004,35.0
2025-04-28 22:51:25.128,34.0
2025-04-28 22:51:25.252,34.0
2025-04-28 22:51:25.375,33.0
2025-04-28 22:51:25.499,33.0
2025-04-28 22:51:25.623,33.0
2025-04-28 22:51:25.746,33.0
2025-04-28 22:51:25.870,29.0
2025-04-28 22:51:25.994,34.0
2025-04-28 22:51:26.117,28.0
2025-04-28 22:51:26.241,25.0
2025-04-28 22:51:26.365,27.0
2025-04-28 22:51:26.488,24.0
2025-04-28 22:51:26.612,27.0
2025-04-28 22:51:26.736,27.0
2025-04-28 22:51:26.859,25.0
2025-04-28 22:51:26.983,27.0
2025-04-28 22:51:27.107,27.0
2025-04-28 22:51:27.230,24.0
2025-04-28 22:51:27.354,34.0
2025-04-28 22:51:27.478,29.0
2025-04-28 22:51:27.601,28.0
2025-04-28 22:51:27.725,28.0
2025-04-28 22:51:27.848,29.0
2025-04-28 22:51:27.972,28.0
2025-04-28 22:51:28.096,25.0
2025-04-28 22:51:28.219,24.0
2025-04-28 22:51:28.343,25.0
2025-04-28 22:51:28.467,25.0
2025-04-28 22:51:28.590,27.0
2025-04-28 22:51:28.714,27.0
2025-04-28 22:51:28.838,27.0
2025-04-28 22:51:28.961,27.0
2025-04-28 22:51:29.085,27.0
2025-04-28 22:51:29.208,32.0
2025-04-28 22:51:29.332,29.0
2025-04-28 22:51:29.456,28.0
2025-04-28 22:51:29.579,27.0
2025-04-28 22:51:29.703,28.0
2025-04-28 22:51:29.827,27.0
2025-04-28 22:51:29.950,29.0
2025-04-28 22:51:30.074,29.0
2025-04-28 22:51:30.197,28.0
2025-04-28 22:51:30.321,35.0
2025-04-28 22:51:30.445,32.0
2025-04-28 22:51:30.568,32.0
2025-04-28 22:51:30.692,33.0
2025-04-28 22:51:30.816,33.0
2025-04-28 22:51:30.939,34.0
2025-04-28 22:51:31.063,33.0
2025-04-28 22:51:31.187,34.0
2025-04-28 22:51:31.310,34.0
2025-04-28 22:51:31.434,32.0
2025-04-28 22:51:31.558,32.0
2025-04-28 22:51:31.681,33.0
2025-04-28 22:51:31.805,32.0
2025-04-28 22:51:31.928,30.0
2025-04-28 22:51:32.052,29.0
2025-04-28 22:51:32.176,33.0
2025-04-28 22:51:32.299,33.0
2025-04-28 22:51:32.423,33.0
2025-04-28 22:51:32.546,33.0
2025-04-28 22:51:32.670,33.0
2025-04-28 22:51:32.794,33.0
2025-04-28 22:51:32.917,33.0
2025-04-28 22:51:33.041,33.0
2025-04-28 22:51:33.164,33.0
2025-04-28 22:51:33.288,33.0
2025-04-28 22:51:33.412,33.0
2025-04-28 22:51:33.535,33.0
2025-04-28 22:51:33.659,33.0
2025-04-28 22:51:33.783,33.0
2025-04-28 22:51:33.906,34.0
2025-04-28 22:51:34.030,34.0
2025-04-28 22:51:34.153,33.0
2025-04-28 22:51:34.277,33.0
2025-04-28 22:51:34.401,32.0
2025-04-28 22:51:34.524,29.0
2025-04-28 22:51:34.648,29.0
2025-04-28 22:51:34.771,32.0
2025-04-28 22:51:34.895,29.0
2025-04-28 22:51:35.019,29.0
2025-04-28 22:51:35.142,30.0
2025-04-28 22:51:35.266,30.0
2025-04-28 22:51:35.389,30.0
2025-04-28 22:51:35.513,32.0
2025-04-28 22:51:35.637,33.0
2025-04-28 22:51:35.760,34.0
2025-04-28 22:51:35.884,34.0
2025-04-28 22:51:36.008,30.0
2025-04-28 22:51:36.131,32.0
2025-04-28 22:51:36.255,33.0
2025-04-28 22:51:36.379,34.0
2025-04-28 22:51:36.502,33.0
2025-04-28 22:51:36.626,34.0
2025-04-28 22:51:36.750,33.0
2025-04-28 22:51:36.873,32.0
2025-04-28 22:51:36.997,33.0
2025-04-28 22:51:37.120,33.0
2025-04-28 22:51:37.244,33.0
2025-04-28 22:51:37.368,34.0
2025-04-28 22:51:37.491,30.0
2025-04-28 22:51:37.615,38.0
2025-04-28 22:51:37.739,34.0
2025-04-28 22:51:37.862,33.0
2025-04-28 22:51:37.986,34.0
2025-04-28 22:51:38.109,35.0
2025-04-28 22:51:38.233,35.0
2025-04-28 22:51:38.356,34.0
2025-04-28 22:51:38.480,35.0
2025-04-28 22:51:38.604,35.0
2025-04-28 22:51:38.727,35.0
2025-04-28 22:51:38.851,37.0
2025-04-28 22:51:38.975,37.0
2025-04-28 22:51:39.098,35.0
2025-04-28 22:51:39.222,35.0
2025-04-28 22:51:39.345,35.0
2025-04-28 22:51:39.469,37.0
2025-04-28 22:51:39.593,35.0
2025-04-28 22:51:39.717,37.0
2025-04-28 22:51:39.840,37.0
2025-04-28 22:51:39.964,37.0
2025-04-28 22:51:40.088,37.0
2025-04-28 22:51:40.211,35.0
2025-04-28 22:51:40.335,35.0
2025-04-28 22:51:40.459,34.0
2025-04-28 22:51:40.582,34.0
2025-04-28 22:51:40.706,33.0
2025-04-28 22:51:40.829,33.0
2025-04-28 22:51:40.953,32.0
2025-04-28 22:51:41.077,32.0
2025-04-28 22:51:41.200,32.0
2025-04-28 22:51:41.324,32.0
2025-04-28 22:51:41.448,32.0
2025-04-28 22:51:41.571,24.0
2025-04-28 22:51:41.695,25.0
2025-04-28 22:51:41.818,25.0
2025-04-28 22:51:41.942,25.0
2025-04-28 22:51:42.065,25.0
2025-04-28 22:51:42.189,24.0
2025-04-28 22:51:42.313,25.0
2025-04-28 22:51:42.436,24.0
2025-04-28 22:51:42.560,29.0
2025-04-28 22:51:42.684,30.0
2025-04-28 22:51:42.807,32.0
2025-04-28 22:51:42.931,30.0
2025-04-28 22:51:43.055,30.0
2025-04-28 22:51:43.178,30.0
2025-04-28 22:51:43.302,32.0
2025-04-28 22:51:43.426,30.0
2025-04-28 22:51:43.549,32.0
2025-04-28 22:51:43.673,30.0
2025-04-28 22:51:43.796,30.0
2025-04-28 22:51:43.920,32.0
2025-04-28 22:51:44.044,33.0
2025-04-28 22:51:44.167,30.0
2025-04-28 22:51:44.291,32.0
2025-04-28 22:51:44.415,32.0
2025-04-28 22:51:44.538,33.0
2025-04-28 22:51:44.662,33.0
2025-04-28 22:51:44.786,32.0
2025-04-28 22:51:44.909,33.0
2025-04-28 22:51:45.033,33.0
2025-04-28 22:51:45.157,33.0
2025-04-28 22:51:45.280,33.0
2025-04-28 22:51:45.404,33.0
2025-04-28 22:51:45.528,32.0
2025-04-28 22:51:45.651,32.0
2025-04-28 22:51:45.775,33.0
2025-04-28 22:51:45.899,33.0
2025-04-28 22:51:46.022,32.0
2025-04-28 22:51:46.146,33.0
2025-04-28 22:51:46.270,20.0
2025-04-28 22:51:46.393,20.0
2025-04-28 22:51:46.517,20.0
2025-04-28 22:51:46.641,20.0
2025-04-28 22:51:46.764,22.0
2025-04-28 22:51:46.888,20.0
2025-04-28 22:51:47.012,20.0
2025-04-28 22:51:47.135,20.0
2025-04-28 22:51:47.259,20.0
2025-04-28 22:51:47.383,20.0
2025-04-28 22:51:47.506,20.0
2025-04-28 22:51:47.630,23.0
2025-04-28 22:51:47.754,23.0
2025-04-28 22:51:47.877,24.0
2025-04-28 22:51:48.001,32.0
2025-04-28 22:51:48.124,30.0
2025-04-28 22:51:48.248,30.0
2025-04-28 22:51:48.372,32.0
2025-04-28 22:51:48.496,32.0
2025-04-28 22:51:48.619,33.0
2025-04-28 22:51:48.743,33.0
2025-04-28 22:51:48.867,32.0
2025-04-28 22:51:48.990,32.0
2025-04-28 22:51:49.114,32.0
2025-04-28 22:51:49.238,32.0
2025-04-28 22:51:49.361,32.0
2025-04-28 22:51:49.485,33.0
2025-04-28 22:51:49.609,33.0
2025-04-28 22:51:49.732,32.0
2025-04-28 22:51:49.856,34.0
2025-04-28 22:51:49.979,33.0
2025-04-28 22:51:50.103,33.0
2025-04-28 22:51:50.227,33.0
2025-04-28 22:51:50.350,33.0
2025-04-28 22:51:50.474,32.0
2025-04-28 22:51:50.598,33.0
2025-04-28 22:51:50.721,34.0
2025-04-28 22:51:50.845,34.0
2025-04-28 22:51:50.969,33.0
2025-04-28 22:51:51.092,27.0
2025-04-28 22:51:51.216,25.0
2025-04-28 22:51:51.340,27.0
2025-04-28 22:51:51.463,25.0
2025-04-28 22:51:51.587,27.0
2025-04-28 22:51:51.711,32.0
2025-04-28 22:51:51.834,33.0
2025-04-28 22:51:51.958,34.0
2025-04-28 22:51:52.082,37.0
2025-04-28 22:51:52.205,37.0
2025-04-28 22:51:52.329,38.0
2025-04-28 22:51:52.453,38.0
2025-04-28 22:51:52.576,39.0
2025-04-28 22:51:52.700,38.0
2025-04-28 22:51:52.824,38.0
2025-04-28 22:51:52.947,37.0
2025-04-28 22:51:53.071,37.0
2025-04-28 22:51:53.195,39.0
2025-04-28 22:51:53.318,38.0
2025-04-28 22:51:53.442,38.0
2025-04-28 22:51:53.566,38.0
2025-04-28 22:51:53.689,37.0
2025-04-28 22:51:53.813,37.0
2025-04-28 22:51:53.936,37.0
2025-04-28 22:51:54.060,35.0
2025-04-28 22:51:54.183,34.0
2025-04-28 22:51:54.307,35.0
2025-04-28 22:51:54.431,34.0
2025-04-28 22:51:54.555,34.0
2025-04-28 22:51:54.678,33.0
2025-04-28 22:51:54.802,33.0
2025-04-28 22:51:54.925,34.0
2025-04-28 22:51:55.049,34.0
2025-04-28 22:51:55.173,33.0
2025-04-28 22:51:55.296,34.0
2025-04-28 22:51:55.420,34.0
2025-04-28 22:51:55.544,35.0
2025-04-28 22:51:55.667,34.0
2025-04-28 22:51:55.791,34.0
2025-04-28 22:51:55.915,34.0
2025-04-28 22:51:56.038,28.0
2025-04-28 22:51:56.162,28.0
2025-04-28 22:51:56.285,29.0
2025-04-28 22:51:56.409,29.0
2025-04-28 22:51:56.533,27.0
2025-04-28 22:51:56.656,30.0
2025-04-28 22:51:56.780,30.0
2025-04-28 22:51:56.904,29.0
2025-04-28 22:51:57.027,29.0
2025-04-28 22:51:57.151,29.0
2025-04-28 22:51:57.274,30.0
2025-04-28 22:51:57.398,30.0
2025-04-28 22:51:57.522,28.0
2025-04-28 22:51:57.645,29.0
2025-04-28 22:51:57.769,29.0
2025-04-28 22:51:57.892,29.0
2025-04-28 22:51:58.016,27.0
2025-04-28 22:51:58.139,29.0
2025-04-28 22:51:58.263,29.0
2025-04-28 22:51:58.387,38.0
2025-04-28 22:51:58.510,34.0
2025-04-28 22:51:58.634,34.0
2025-04-28 22:51:58.758,34.0
2025-04-28 22:51:58.881,33.0
2025-04-28 22:51:59.005,33.0
2025-04-28 22:51:59.128,33.0
2025-04-28 22:51:59.252,33.0
2025-04-28 22:51:59.376,33.0
2025-04-28 22:51:59.499,33.0
2025-04-28 22:51:59.623,33.0
2025-04-28 22:51:59.747,33.0
2025-04-28 22:51:59.870,33.0
2025-04-28 22:51:59.994,33.0
2025-04-28 22:52:00.117,32.0
2025-04-28 22:52:00.241,32.0
2025-04-28 22:52:00.365,33.0
2025-04-28 22:52:00.488,32.0
2025-04-28 22:52:00.612,30.0
2025-04-28 22:52:00.736,32.0
2025-04-28 22:52:00.859,33.0
2025-04-28 22:52:00.983,32.0
2025-04-28 22:52:01.106,33.0
2025-04-28 22:52:01.230,33.0
2025-04-28 22:52:01.354,33.0
2025-04-28 22:52:01.477,33.0
2025-04-28 22:52:01.601,33.0
2025-04-28 22:52:01.725,33.0
2025-04-28 22:52:01.848,33.0
2025-04-28 22:52:01.972,33.0
2025-04-28 22:52:02.095,33.0
2025-04-28 22:52:02.219,33.0
2025-04-28 22:52:02.343,32.0
2025-04-28 22:52:02.466,34.0
2025-04-28 22:52:02.590,34.0
2025-04-28 22:52:02.714,33.0
2025-04-28 22:52:02.837,34.0
2025-04-28 22:52:02.961,32.0
2025-04-28 22:52:03.084,34.0
2025-04-28 22:52:03.208,33.0
2025-04-28 22:52:03.332,32.0
2025-04-28 22:52:03.455,32.0
2025-04-28 22:52:03.579,33.0
2025-04-28 22:52:03.703,32.0
2025-04-28 22:52:03.826,32.0
2025-04-28 22:52:03.950,33.0
2025-04-28 22:52:04.073,33.0
2025-04-28 22:52:04.197,33.0
2025-04-28 22:52:04.321,34.0
2025-04-28 22:52:04.444,33.0
2025-04-28 22:52:04.568,32.0
2025-04-28 22:52:04.691,33.0
2025-04-28 22:52:04.815,33.0
2025-04-28 22:52:04.939,33.0
2025-04-28 22:52:05.062,33.0
2025-04-28 22:52:05.186,33.0
2025-04-28 22:52:05.309,33.0
2025-04-28 22:52:05.433,32.0
2025-04-28 22:52:05.557,34.0
2025-04-28 22:52:05.680,33.0
2025-04-28 22:52:05.804,33.0
2025-04-28 22:52:05.928,33.0
2025-04-28 22:52:06.051,33.0
2025-04-28 22:52:06.175,33.0
2025-04-28 22:52:06.299,32.0
2025-04-28 22:52:06.422,33.0
2025-04-28 22:52:06.546,34.0
